word,lemma
90s,90s
degrees,degree
supervisors,supervisor
aa+,aa\+
democrats,democrat
horse,horse
pregnancy,pregnancy
transparency,transparency
plumbing,plumbing
retention,retention
virtual,virtual
spd,spd
apple,apple
content,content
pr,pr
recommendations,recommendation
selfies,selfie
service,service
functionality,functionality
links,link
pakistan,pakistan
arab-americans,arab-american
assertiveness,assertiveness
tax,tax
universities,university
hotels,hotel
arsenal,arsenal
hamas,hamas
pensions,pension
cooking,cooking
junkies,junkie
fever,fever
internet,internet
max,max
zombies,zombie
magnets,magnets
china,china
idealism,idealism
myth,myth
environmentalists,environmentalist
portugal,portugal
swansea,swansea
mouth,mouth
sarcasm,sarcasm
doll-art,doll-art
hope,hope
hangover,hangover
utah,utah
campaign,campaign
anti-terrorism,anti-terrorism
gathering,gathering
anti-americanism,anti-americanism
anti-christianity,anti-christianity
anti-zionism,anti-zionism
government,government
islamophobia,islamophobia
antizionism,antizionism
facebook,facebook
experiences,experience
angry,angry
consoles,console
glass,glass
medizine,medicine
apps,app
htc,htc
engineering,engineering
jacket,jacket
gap,gap
brazil,brazil
latvia,latvia
entrepreneurs,entrepreneur
ceos,ceos
virginia,virginia
alaska,alaska
allagents,allagents
cotton,cotton
spurs,spur
cinema,cinema
games,games
politics,politics
science,science
curators,curator
bloggers,blogger
dairy,dairy
meat,meat
mould,mould
arabs,arab
okra,okra
america,america
flabby,flabby
conversation,conversation
bolshevism,bolshevism
september,september
sleep,sleep
c,c
c-word,c-word
culture,culture
degree,degree
masters,masters
relationships,relationship
sharing,sharing
forums,forums
bourbon,bourbon
burritos,burrito
neck,neck
peeps,peeps
pumpkin,pumpkin
sriracha,sriracha
stress,stress
liberalism,liberalism
men,men
slippers,slipper
roll,roll
americans,american
developers,developer
terrorists,terrorist
zionists,zionist
shoes,shoe
ponchos,poncho
python,python
computing,computing
rpi,rpi
sledding,sledding
beardism,beardism
smiths,smiths
normal,normal
ugly,ugly
sov,sov
kitchens,kitchen
rabbit,rabbit
black,black
turks,turk
beijing,beijing
detroit,detroit
alpha,alpha
dvcs,dvcs
phone,phone
crotch,crotch
small,small
hijab,hijab
trillions,trillion
trinity,trinity
observation,observation
atoms,atoms
dull,dull
clothing,clothing
accountability,accountability
advertising,advertising
airsoft,airsoft
algorithms,algorithm
aloeminium,aloeminium
ambiguity,ambiguity
analytics,analytics
anti-semitism,anti-?semitism
atheism,atheism
audio,audio
austerity,austerity
average,average
balsemic,balsemic
basic,basic
bearish,bearish
bearskin,bearskin
beige,beige
belgians,belgian
belgium,belgium
bicycles,bicycles
bigomy,bigomy
8-bit,8-?bit
64-bit,64-?bit
bitch,bitch
bitch-shaming,bitch-?shaming
bitchy,bitchy
bleak,bleak
blog,blog
blogging,blogging
blonde,blonde
blue,blue
bold,bold
brindle,brindle
brown,brown
budget,budget
budgeting,budgeting
burlesque,burlesque
bustles,bustles
busy,busy
butchers,butcher
camo,camo
canada,canada
cannibalism,cannibalism
carbon,carbon
cars,cars
chain,chain
characters,characters
chav,chav
cheating,cheating
cheerios,cheerios
chemistry,chemistry
chickens,chickens
children,children
chiropractic,chiropractic
choirs,choir
christian,christian
cloud,cloud
coachbuilt,coachbuilt
acceptance,acceptance
color,color
colors,colors
commission,commission
confidence,confidence
cork,cork
corpse,corpse
coworking,coworking
crap,crap
creative,creative
creativity,creativity
crying,crying
curation,curation
dancing,dancing
dark,dark
data,data
day,day
deficit,deficit
denim,denim
depression,depression
dialogue,dialogue
display,display
dots,dot
pink,pink
drag,drag
drama,drama
green,green
epic,epic
ereaders,ereaders
ethical,ethical
everything,everything
evidence,evidence
evil,evil
exo-suits,exo-?suits
eyeliner,eyeliner
units,units
factors,factor
failure,failure
getting,getting
fat,fat
fear,fear
flat,flat
fluffy,fluffy
folk,folk
footwear,footwear
free,free
friday,friday
frugal,frugal
funds,funds
fur,fur
fusion,fusion
gardens,garden
gay,gay
geek,geek
ghosts,ghost
ginger,ginger
back,back
gluten-free,gluten-?free
gold,gold
google+,google\+
goth,goth
gray,gray
greed,greed
grey,grey
growth,growth
guts,guts
hair,hair
hash,hash
healthy,healthy
history,history
horses,horses
house,house
hunting,hunting
hybridization,hybridi[sz]ation
hyperspecialization,hyperspeciali[zs]ation
hypocrisy,hypocrisy
ignorance,ignorance
imperfection,imperfection
indigo,indigo
innovation,innovation
intelligence,intelligence
investing,investing
irc,irc
being,being
jail,jail
javascript,javascript
k,k
cyberpunk,cyberpunk
khaki,khaki
birth,birth
knowledge,knowledge
korean,korean
layouts,layout
learning,learning
liberation,liberation
libertarian,libertarian
lime,lime
live,live
malt,malt
marketing,marketing
mashup,mashup
masks,masks
matter,matter
mauve,mauve
shopping,shopping
meantime,meantime
measurement,measurement
reaching,reaching
media,media
meetings,meeting
microcontent,microcontent
mobile,mobile
modesty,modesty
monstrosities,monstrosity
mpg,mpg
muslim,muslim
navy,navy
nerd,nerd
network,network
neurotic,neurotic
niche,niche
noir,noir
non-tribal,non-?tribal
non-tribalism,non-?tribalism
noticeable,noticeable
nude,nude
objectivity,objectivity
obscurity,obscurity
off-topic,off-?topic
openness,openness
orange,orange
oxymorons,oxymoron
paisley,paisley
palestinians,palestinian
paper,paper
perception,perception
persistence,persistence
phishing,phishing
piracy,piracy
pixies,pixie
plus,plus
podcasting,podcasting
poetry,poetry
point,point
poly,poly
poo,poo
postmodernism,postmodernism
poverty,poverty
pregnant,pregnant
prints,prints
privacy,privacy
product,product
progressives,progressive
extroversion,extroversion
publishing,publishing
purple,purple
pvc,pvc
quirky,quirky
racism,racism
rape,rape
rare,rare
red,red
diamonds,diamond
redesign,redesign
regulation,regulation
republicans,republican
research,research
reserve,reserve
retro,retro
robots,robot
romanticism,romanticism
room,room
rye,rye
over-50s,over-?50s
saleflat,saleflat
saving,saving
bitching,bitching
shop-dropping,shop-?dropping
silence,silence
silver,silver
singledom,singledom
skepticism,skepticism
slip,slip
slow,slow
smart,smart
snow,snow
snowclones,snowclone
sociability,sociability
software,software
soup,soup
spacebook,spacebook
square,square
ss,ss
states,state
stealth,stealth
stinky,stinky
stocks,stock
street,street
stripes,stripes
stupidity,stupidity
sustainable,sustainable
sweden,sweden
systems,system
tags,tags
tattoos,tattoo
taupe,taupe
driving,driving
tea,tea
technology,technology
uniformity,uniformity
thrift,thrift
thriftiness,thriftiness
tinfoil,tinfoil
toast,toast
transformation,transformation
trust,trust
truth,truth
truthy-satire,truthy-?satire
tumblr,tumblr
hate,hate
twitterhate,twitter-?hate
typography,typography
ukuleles,ukulele
underwear,underwear
ux,ux
vamps,vamp
vertigo,vertigo
video,video
violet,violet
vodka,vodka
voices,voice
vulnerability,vulnerability
wave,wave
wheelchairs,wheelchair
white,white
whites,white
wine,wine
wireless,wireless
women,women
yellow,yellow
zeldman.com,zeldman.com
zombie,zombie
artists,artist
os,os
outlet,outlet
phones,phone
yellowface,yellowface
gays,gay
mexicans,mexican
muslims,muslim
pedophiles,pedophile
bodies,body
cast,cast
vid,vid
self-publishing,self-?publishing
selfpublishing,self-?publishing
speaking,speaking
opml,opml
networks,networks
bald,bald
bruneete,brunette
drivers,driver
football,football
chop,chop
lakers,laker
information,information
strong,strong
soaps,soaps
islamism,islamism
everton,everton
pride,pride
icons,icon
web,web
blooks,blook
google,google
city,city
sticks,stick
girlfriends,girlfriend
girls,girl
c-ptsd,c-?ptsd
attorneys,attorney
cowardice,cowardice
spain,spain
stamps,stamp
flying,flying
implants,implant
warwickshire,warwickshire
burien,burien
canvas,canvas
rainbow,rainbow
cauliflower,cauliflower
ostrich,ostrich
strokes,stroke
boutique,boutique
iphone,iphone
star,star
wristbands,wristband
toque,toque
books,book
comments,comment
brewers,brewer
b,b
b+,b\+
d,d
theory,theory
glamping,glamping
quays,quays
dementia,dementia
stroke,stroke
walls,wall
blogs,blog
coach,coach
neo-liberalism,neo-?liberalism
talentism,talentism
computers,computer
days,day
biodiversity,biodiversity
hunks,hunk
barbel,barbel
view-ticker,view-?ticker
companies,company
bonds,bond
3d,3d
datacenters,datacenter
complexes,complex
libraries,library
museums,museum
boldness,boldness
players,player
civility,civility
left,left
retrievers,retriever
uncertainty,uncertainty
demoing,demoing
greens,greens
sherry,sherry
customisation,customisation
miami,miami
goats,goat
curry,curry
newcastle,newcastle
texas,texas
vegas,vegas
objectification,objectification
chicks,chick
sex,sex
homocysteine,homocysteine
msft,msft
stadiums,stadium
supermarkets,supermarket
access,access
soda,soda
twitter,twitter
devices,device
dvd,dvd
television,television
shareholders,shareholder
peripheries,periphery
weekly,weekly
movement,movement
jazz,jazz
metal,metal
rock,rock
comics,comics
pcism,pcism
trashy,trashy
diagram,diagram
cliches,cliches
touch,touch
aerosols,aerosols
java,java
php,php
ajax,ajax
cards,card
cake,cake
therapy,therapy
preschool,preschool
system,system
economy,economy
militarisation,militarisation
right,right
years,years
puzzles,puzzles
papyrus,papyrus
retweets,retweet
trackbacks,trackback
christ-bots,christ-?bots
crime,crime
environmentalism,environmentalism
islam,islam
socialism,socialism
terrorism,terrorism
jv-ists,jv-?ists
animosity,animosity
promise,promise
collaboration,collaboration
hights,hights
ryanair,ryanair
grass,grass
timber,timber
wood,wood
podosphere,podosphere
non-conformity,non-?conformity
rebellion,rebellion
moderates,moderate
rooms,room
unpredictability,unpredictability
bible,bible
travel,travel
community,community
eggs,eggs
brewing,brewing
craft,craft
urls,urls
coal,coal
trademark,trademark
oil,oil
slimness,slimness
nicaragua,nicaragua
panama,panama
skegness,skegness
ted,ted
responsibility,responsibility
revolt,revolt
boro,boro
pipes,pipe
denialism,denialism
social,social
regurgitation,regurgitation
baseball,baseball
darts,darts
fairtrade,fairtrade
ham,ham
show,show
doctors,doctor
gaming,gaming
nuts,nuts
debt,debt
jews,jews
codes,codes
process,process
bacon,bacon
cookies,cookie
cupcakes,cupcake
macaron,macaron
pie,pie
pies,pie
brownies,brownie
macarons,macaron
popcorn,popcorn
vintage,vintage
cricket,cricket
biology,biology
israel,israel
manga,manga
websites,website
guardian,guardian
arizona,arizona
feeling,feeling
guy,guy
past,past
photoshopping,photoshopping
computer,computer
metadata,metadata
night,night
losses,losses
retirement,retirement
months,months
frugality,frugality
building,building
numb,numb
deja-vu,deja-?vu
downloads,download
betas,beta
anxiety,anxiety
breadth,breadth
chic,chic
hand,hand
browser,browser
laptops,laptop
happiness,happiness
hall,hall
classes,class
print,print
conservatives,conservative
price,price
abnormality,abnormality
memory,memory
ram,ram
disney,disney
pixar,pixar
conversations,conversation
geeks,geek
abuse,abuse
thieves,thief
dot-gov,dot-?gov
biotechs,biotech
plants,plant
wal-mart,wal-?mart
copy,copy
canopy,canopy
sober,sober
bro,bro
prison,prison
tools,tools
easy,easy
norwood,norwood
papua,papua
west,west
halloween,halloween
sociology,sociology
radio,radio
anti-feminism,anti-?feminism
literacy,literacy
usa,usa
economics,economics
tweet,tweet
e-mail,e-?mail
extremism,extremism
boards,board
messaging,messaging
indie,indie
participation,participation
tape,tape
australia,australia
slang,slang
self-expression,self-?expression
derivatives,derivatives
inequality,inequality
meritocracy,meritocracy
old,old
luxury,luxury
journalists,journalists
chains,chains
essex,essex
ign,ign
asia,asia
europe,europe
aoltv,aoltv
good,good
ubiquity,ubiquity
blockbusters,blockbuster
mediocrity,mediocrity
brows,brows
deleting,deleting
pinterest,pinterest
antifacism,antifacism
blur,blur
salar,salar
samarra,samarra
family,family
farming,farming
friends,friends
drone,drone
fishermen,fishermen
anti-fascism,anti-?fascism
republicanism,republicanism
zionism,zionism
neocons,neocon
credit,credit
food,food
smoothies,smoothie
digital,digital
smartphones,smartphone
july,july
empowerfullment,empowerfullment
murder,murder
belly,belly
offal,offal
videogames,videogame
elves,elf
consideration,consideration
fission,fission
youtube,youtube
kindergarten,kindergarten
third,third
dictators,dictator
crippled,crippled
wisconsin,wisconsin
eurostar,eurostar
raclette,raclette
soccer,soccer
casual,casual
drive,drive
six,six
bashing,bashing
estonia,estonia
monaco,monaco
sisters,sister
paid-for,paid-for
dependency,dependency
bananas,banana
monday,monday
sunday,sunday
thursday,thursday
wednesday,wednesday
evenings,evening
mother,mother
door,door
breweries,brewery
babies,baby
humans,humans
electro,electro
awkward,awkward
instability,instability
design,design
film,film
h&m,h&m
skype,skype
workspaces,workspace
architecture,architecture
coffee,coffee
minecraft,minecraft
curating,curating
goy,goy
immigrant,immigrant
obese,obese
people,people
republican,republican
bots,bots
ducks,duck
judaizers,judai[sz]er
times,time
british,british
iran,iran
poland,poland
irs,irs
assistants,assistant
tsa,tsa
french,french
tongues,tongue
boys,boys
bluebells,bluebell
anti-glamour,anti-?glamour
manchester,manchester
festivals,festival
sprinkles,sprinkle
cooling,cooling
staying,staying
art,art
attention,attention
copper,copper
energy,energy
glue,glue
land,land
water,water
cycling,cycling
diving,diving
gardening,gardening
poker,poker
shooting,shooting
surfing,surfing
warcraft,warcraft
wow,wow
impressions,impression
bad,bad
mediocre,mediocre
github,github
nike.com,nike\.com
company,company
yahoo,yahoo
humanism,humanism
emo,emo
ninja,ninja
fantasy,fantasy
artisanal,artisanal
youths,youths
megacorps,megacorps
statistics,statistics
academies,academy
large,large
turkey,turkey
cities,city
ethics,ethics
glow,glow
mean,mean
plustainability,plustainability
pollution,pollution
resilience,resilience
sustainability,sustainability
accessible,accessible
hud,hud
patterns,pattern
rids,rid
gentle,gentle
bagram,bagram
sword,sword
carbs,carb
builders,builder
jihad,jihad
bump,bump
hour,hour
shops,shop
twilight,twilight
facts,fact
to-truth,to-?truth
california,california
image,image
affluence,affluence
individualism,individualism
clarendon,clarendon
sales,sale
those,those
vicodin,vicodin
seo,seo
manhattanites,manhattanite
dollars,dollar
b.a.,b.a.
ba,ba
college,college
hairspray,hairspray
online,online
robotics,robotic
tech,tech
geography,geography
bama,bama
space,space
invasion,invasion
reforms,reform
bedroom,bedroom
homeland-referencing,homeland-?referencing
place,place
hypermiling,hypermiling
hoppy,hoppy
sour,sour
cold,cold
deadspots,deadspot
sql,sql
arrogance,arrogance
shoppers,shopper
afr,afr
diesel,diesel
intel,intel
microsoft,microsoft
sap,sap
spinach,spinach
britain,britain
ias,ias
computationalism,computationalism
pragmatism,pragmatism
realism,realism
chrome,chrome
firefox,firefox
ipad,ipad
webkit,webkit
school,school
corporations,corporation
designers,designer
financiers,financier
hackers,hacker
outbound,outbound
customers,customer
care,care
sanity,sanity
outside,outside
arm,arm
backloading,backloading
book,book
explorer,explorer
nebraska,nebraska
philosophy,philosophy
extremists,extremist
english,english
earnest,earnest
christians,christian
church,church
honduras,honduras
japan,japan
money,money
mexican,mexican
icloud,icloud
february,february
june,june
may,may
october,october
korea,korea
flashplayer,flashplayer
shorts,shorts
pants,pants
park,park
asians,asian
believers,believers
eurosceptics,eurosceptic
hispanics,hispanic
patriots,patriot
unemployed,unemployed
war,war
incarceration,incarceration
wod,wod
stanley,stanley
bangkok,bangkok
audience,audience
chipping,chipping
zanthura,zanthura
comfort,comfort
collards,collard
porn,porn
keepin',keepin'
sauce,sauce
gestures,gesture
benghazi,benghazi
oligarchs,oligarch
cupid,cupid
asa,asa
group,group
nra,nra
voyeurism,voyeurism
knowing,knowing
bbq,bbq
afg-pak,afg-?pak
cyrenaica,cyrenaica
kr,kr
wroclaw,wroclaw
neuköln,neuköln
national,national
bnp,bnp
entrepreneur,entrepreneur
bridgford,bridgford
licenses,licenses
typewriter,typewriter
dubai,dubai
macao,macao
macau,macau
br,br
blu-ray,blu-?ray
spotify,spotify
events,events
programming,programming
tears,tears
fun,fun
iraq,iraq
derby,derby
stoke,stoke
centre,centre
freak,freak
blackpool,blackpool
work,work
smokers,smoker
neoconservative,neoconservative
news,news
starbucks,starbucks
cameras,camera
textads,text-?ad
keeping,keeping
varnish,varnish
citizenship,citizenship
code,code
numeracy,numeracy
scripting,scripting
technologies,technologies
rag-mags,rag-?mags
charts,charts
doncaster,doncaster
draw,draw
quiet,quiet
jams,jams
brow,brow
corden,corden
magazine,magazine
overgrowth,overgrowth
simplicity,simplicity
wild,wild
inspiration,inspiration
ipod,ipod
blog-hubs,blog-?hubs
theories,theory
brand,brand
pc,pc
minority,minority
islands,island
female,female
milan,milan
shiregreen,shiregreen
january,january
viewtiful,viewtiful
engagement,engagement
experience,experience
geolocation,geolocation
hr,hr
journalism,journalism
pleasure,pleasure
proof,proof
storytelling,storytelling
support,support
teaching,teaching
crocs,crocs
sto,sto
niches,niche
muscat,muscat
april,april
lewes,lewe
mfa,mfa
training,training
lofts,lofts
search,search
clients,client
gigabytes,gigabyte
churches,church
cores,core
sponsorship,sponsorship
ribbon,ribbon
aluminium,aluminium
beam,beam
macro,macro
g.,g.
goggle,goggle
nokia,nokia
android,android
indies,indies
age,age
frameworks,framework
flash,flash
neurons,neuron
chelsea,chelsea
polypropylene,polypropylene
vista,vista
billions,billion
sims,sims
maximalism,maximalism
neutrality,neutrality
burkhas,burkh?a
beaver,beaver
lynx,lynx
dead,dead
music,music
debaters,debater
michigan,michigan
pharmaceuticals,pharmaceutical
self-promotion,self-?promotion
things,thing
belfast,belfast
tuesday,tuesday
tuesdays,tuesday
programmerization,programmeri[zs]ation
meaning,meaning
time,time
crustaceans,crustacean
taxpayers,taxpayer
lymington,lymington
choice,choice
less,less
london,london
university,university
stylus,stylus
owls,owls
clouds,cloud
warming,warming
distros,distro
prs,prs
atheists,atheist
mongodb,mongodb
celebrities,celebrity
fiction,fiction
sf,sf
fabric,fabric
kazaa,kazaa
local,local
labour,labour
regionalism,regionalism
regionality,regionality
fake,fake
roadsides,roadside
russia,russia
taliban,taliban
us,us
guys,guy
hizbollah,hizbollah
islamists,islamist
israelis,israeli
leaders,leader
neo-cons,neo-?con
serbs,serbs
zion­ists,zionist
bugaboo,bugaboo
army,army
loser,loser
metallic,metallic
d.c.,d.c.
eve,eve
florida,florida
istanbul,istanbul
new,new
oid,oid
québec,québec
post,post
liverpool,liverpool
birdie,birdie
brother,brother
interesting,interesting
sugar,sugar
eeevangelicals,eeevangelical
io,io
medal,medal
samsung,samsung
abnormal,abnormal
halfway,halfway
dalston,dalston
balham,balham
eating,eating
on-topic,on-?topic
headphones,headphone
unofficial,unofficial
gas,gas
opacity,opacity
talent,talent
ufelons,ufelon
young,young
updosing,updosing
offline,offline
closings,closing
india,india
cargo,cargo
democracy,democracy
opt-out,opt-?out
bleakness,bleakness
threadbare,threadbare
peach,peach
extraordinary,extraordinary
god,god
heresies,heresy
tent,tent
evp,evp
impact,impact
crowdsourcing,crowdsourcing
foxes,fox
england,england
pale,pale
primal,primal
volleys,volley
tv,tv
tights,tights
screens,screen
e-books,e-?book
politicians,politician
austin,austin
morocco,morocco
vienna,vienna
astronomy,astronomy
interactivity,interactivity
atm,atm
smartphone,smartphone
un-pc,un-?pc
tablets,tablet
moleskines,moleskine
asparagus,asparagus
oranges,oranges
disability,disability
overload,overload
imperfect,imperfect
temporary,temporary
africa,africa
ipods,ipods
physicists,physicist
instagram,instagram
screenshot,screenshot
cocoa,cocoa
tarts,tart
aluminum,aluminum
babe,babe
lifestyle,lifestyle
nytol,nytol
queensryche,queensryche
wires,wire
ninjas,ninja
vikings,viking
abbeydale,abbeydale
sushi,sushi
plan,plan
trains,train
stocking,stocking
experimentation,experimentation
welfare,welfare
couch,couch
tikkabilla,tikkabilla
mice,mice
svg,svg
wrist,wrist
gamification,gamification
bingo,bingo
grits,grits
prosecutors,prosecutor
bankers,banker
nn,nn
documentary-making,documentary-?making
rugby,rugby
board,board
buyers,buyer
okay,okay
psychiatrists,psychiatrist
kale,kale
lamb,lamb
skins,skin
torturing,torturing
thought,thought
violence,violence
cookbooks,cookbook
negative,negative
lawyers,lawyer
sexy,sexy
story,story
distribution,distribution
filing,filing
relevancy,relevancy
riga,riga
yoga,yoga
kreuzberg,kreuzberg
linkedin,linkedin
rfc,rfc
bikes,bike
scientists,scientist
assessors,assessor
biologists,biologist
public,public
education,education
prediction,prediction
loss,loss
workers,worker
leisure,leisure
fats,fats
catholicism,catholicism
eco-therapy,eco-?therapy
freiburg,freiburg
bombing,bombing
marketers,marketer
butternut,butternut
bluegrass,bluegrass
start-ups,start-?up
pre-retirement,pre-?retirement
correctness,correctness
hysteria,hysteria
vegetarianism,vegetarianism
envirocultists,envirocultist
chevron,chevron
quantity,quantity
polyamory,polyamory
offenders,offender
loud,loud
mode,mode
religion,religion
associations,association
antiracism,antiracism
classism,classism
cynicism,cynicism
disparity,disparity
feminism,feminism
homophobia,homophobia
multiculturalism,multiculturalism
denial,denial
scepticism,scepticism
transphobia,transphobia
wealth,wealth
center,center
net,net
placement,placement
services,service
glaad,glaad
capital,capital
disco,disco
creating,creating
pears,pear
bars,bar
metaphysical,metaphysical
hypertext,hypertext
metaphor,metaphor
fishing,fishing
pocket,pocket
irrationalism,irrationalism
prudent,prudent
dread,dread
lip,lip
mustaches,mustache
redcurrant,redcurrant
sparrow,sparrow
stupid,stupid
servers,servers
sheffield,sheffield
demakes,demakes
steampunk,steampunk
ringing,ringing
portfolio,portfolio
projects,project
ascension,ascension
seed,seed
poor,poor
workweek,workweek
down,down
wrong,wrong
safe,safe
highways,highways
rage,rage
officials,officials
damon,damon
archaeology,archaeology
bowls,bowl
business,business
chefs,chef
comedy,comedy
cyclocross,cyclocross
directors,director
entrepreneurship,entrepreneurship
folk-pop,folk-?pop
heists,heist
jockeys,jockey
knitting,knitting
living,living
phonetics,phonetic
poultry,poultry
presentations,presentation
rhetoric,rhetoric
sandals,sandal
self-harm,self-?harm
skiffle,skiffle
stockbroking,stockbroking
tradition,tradition
varieties,variety
authenticity,authenticity
autobiography,autobiography
acts,act
dj,dj
djs,dj
feedback,feedback
hairdressing,hairdressing
influencers,influencer
killers,killer
materials,material
moderators,moderator
molestation,molestation
anything,anything
pets,pet
physics,physics
rap,rap
rappers,rapper
shanties,shanty
i.t.,i.t.
gamers,gamer
programmers,programmer
production,production
boredom,boredom
constantinople,constantinople
dc,dc
washington,washington
rulers,rulers
parkgate,parkgate
microformats,microformat
rtfs,rtf
chinese,chinese
collectors,collectors
4k,4k
cool,cool
operators,operator
chicago,chicago
singapore,singapore
savings,savings
crazy,crazy
eccentricity,eccentricity
madness,madness
math,math
topicality,topicality
fridays,friday
kurdistan,kurdistan
selling,selling
lists,list
networking,networking
libertarianism,libertarianism
scientist,scientist
e-bikes,e-?bikes
norway,norway
app,app
marketeers,marketeer
hd,hd
fdr,fdr
optimization,optimi[zs]ation
rss,rss
bellevue,bellevue
bury,bury
hounslow,hounslow
ridgewood,ridgewood
elites,elite
treasures,treasure
touching,touching
glasses,glass
serving,serving
juvenility,juvenility
nfo,nfo
summer,summer
weti,weti
chocolate,chocolate
housewives,housewife
self-loathing,self-?loathing
talk,talk
growing,growing
judgment,judgment
40,40
brainy,brainy
corny,corny
dumb,dumb
helmets,helmet
homo,homo
responsible,responsible
simple,simple
skinny,skinny
statisticians,statistician
strength,strength
unflappable,unflappable
guptas,gupta
midi,midi
cross-dressing,cross-?dressing
drinking,drinking
sewing,sewing
avalanche,avalanche
shenzhen,shenzhen
losers,loser
windrows,windrow
chavs,chavs
fit,fit
tighter,tighter
orbit,orbit
mezzoblue,mezzoblue
usenet,usenet
prisons,prison
socialists,socialist
abortion,abortion
capitalism,capitalism
coercion,coercion
copyright,copyright
immigrants,immigrant
sick,sick
awake,awake
big,big
micro,micro
tall,tall
nme,nme
drinkers,drinker
obesity,obesity
sitting,sitting
suvs,suvs
email,email
effects,effect
strategy,strategy
lib-dems,lib-?dems
hollywood,hollywood
hardware,hardware
orders,order
afghanistan,afghanistan
nobodies,nobodie
something,something
north,north
eu,eu
bosnia,bosnia
ppc,ppc
vandalism,vandalism
shouting,shouting
dystopias,dystopia
stability,stability
cutting,cutting
hard,hard
break,break
circles,circle
knol,knol
military,military
dubrovnik,dubrovnik
huskies,husky
brands,brand
owners,owner
tattooists,tattooist
change,change
understanding,understanding
inversion,inversion
wikipedia,wikipedia
stomping,stomping
go,go
bent,bent
rhino,rhino
billionaire,billionaire
cyberspace,cyberspace
p=np,p\=np
weak,weak
desktops,desktop
students,student
charges,charge
memberships,membership
kakuro,kakuro
set,set
spring,spring
saturday,saturday
saturdays,saturday
mini,mini
order,order
rationality,rationality
shortages,shortage
kindness,kindness
flu,flu
sandwiches,sandwich
theft,theft
centres,cent(re|er)
smiles,smile
tarmo,tarmo
hide,hide
tail,tail
disk,disk
http,http
panic,panic
turquioise,turquioise
obama,obama
browsing,browsing
mail,mail
secularism,secularism
reporters,reporter
writers,writer
ghraib,ghraib
chiefs,chief
mooc,mooc
sorts,sort
recycling,recycling
tommie,tommie
technocracy,technocracy
curvy,curvy
forties,forties
kid,kid
bottles,bottle
sock,sock
datamoshing,datamoshing
hocus-pocus,hocus-?pocus
bali,bali
handkerchiefs,hand?kerchief
hankerchiefs,hand?kerchief
tlr,tlr
alcohol,alcohol
salt,salt
yesterday,yesterday
dogs,dogs
judging,judging
kiriakou,kiriakou
shia,shia
shitty,shitty
magarri,magarri
namor,namor
party,party
maria,maria
islamification,islamification
nihilism,nihilism
affection,affection
agents,agents
legacy,legacy
smartcar,smartcar
communication,communication
pineapples,pineapple
they,they
leggings,legging
langerado,langerado
fallacy,fallacy
lies,lies
borgias,borgia
bitcoin,bitcoin
salmon,salmon
barnsley,barnsley
dakota,dakota
sicily,sicily
threesomes,threesome
coldplay,coldplay
moore,moore
slackware,slackware
kitty,kitty
beauty,beauty
obrist,obrist
postgrad,postgrad
dragons,dragon
side,side
kenya,kenya
ut,ut
fictionalism,fictionalism
mermaids,mermaid
angels,angel
immortals,immortal
minotaurs,minotaur
witches,witch
let,let
biloxi,biloxi
beta,beta
edtech,edtech
jakeways,jakeways
vertonghen,vertonghen
afghans,afghan
certificate,certificate
sandro,sandro
vhs,vhs
percussion,percussion
love,love
leopard,leopard
potplayer,potplayer
whatwg,whatwg
etc,etc
towels,towel
jobs,job
reporting,reporting
consensus,consensus
vatican-gate,vatican-?gate
lumens,lumens
vagueness,vagueness
datalinks,datalink
words,words
apis,apis
zimbabwe,zimbabwe
east,east
mars,mars
engines,engine
manor,manor
tequila,tequila
weed,weed
beacons,beacon
lottie,lottie
westfield,westfield
digits,digit
mashable,mashable
mongolia,mongolia
sa,sa
yemen,yemen
stewart,stewart
murdock,murdock
ios,ios
x,x
beer,beer
sneakers,sneaker
cook,cook
paedophiles,paedophile
smile,smile
kok,kok
measles,measle
wes,wes
pictures,picture
professors,professors
ufc,ufc
y,y
avengers,avenger
kinect,kinect
lily,lily
coverage,coverage
sequestration,sequestration
myspace,myspace
nyt,nyt
tkm,tkm
sox,sox
decades,decade
tomorrow,tomorrow
healing,healing
parents,parent
pensioners,pensioner
pusher,pusher
levaquin,levaquin
tuncay,tuncay
ki-duk,ki-?duk
galloway,galloway
post-apocalyptic,post-?apocalyptic
monsters,monster
80s,80s
a-levels,a-?levels
aaa,aaa
abolitionists,abolitionist
isaac,isaac
abstinance,abstin[ea]nce
accountancy,accountancy
acquisition,acquisition
actual,actual
add,add
adobe,adobe
aesthetics,aesthetics
african-americans,african-?americans
aggression,aggression
aid,aid
airline,airline
airlines,airlines
qaeda,qaeda
alchemy,alchemy
alcoholics,alcoholic
aldomania,aldomania
alexandria,alexandria
aliens,alien
amazon,amazon
dream,dream
amish,amish
amsterdam,amsterdam
steel,steel
analysis,analysis
anarchy,anarchy
angst,angst
antarctica,antarctica
anti-communism,anti-?communism
anti-doping,anti-?doping
antisemitism,antisemitism
aol,aol
newton,newton
applications,application
appple,appple
monkeys,monkey
51,51
argentina,argentina
argonauts,argonaut
aristocracy,aristocracy
arkansas,arkansas
arla,arla
armor,armor
artist,artist
graduates,graduate
tobacco,tobacco
asbestos,asbestos
at&t,at&t
athens,athens
athletic,athletic
atlantis,atlantis
august,august
b-word,b-?word
babylon,babylon
bachelor,bachelor
bachelors,bachelors
backlinks,backlink
backyard,backyard
bagels,bagel
bank,bank
barbarians,barbarian
barefoot,barefoot
barrels,barrel
weaving,weaving
bbc,bbc
skiing,skiing
bear,bear
beatles,beatles
beautiful,beautiful
butthead,butthead
bedrooms,bedroom
beef,beef
berbers,berber
berlin,berlin
betamax,betamax
bicycle,bicycle
bifocals,bifocals
bikini,bikini
binary,binary
bits,bits
bizarre,bizarre
panthers,panthers
blackberry,blackberry
blackface,blackface
blackout,blackout
blacks,blacks
bling-bling,bling-?bling
blogroll,blogroll
blondes,blonde
bmw,bmw
race,race
bob,bob
bobcats,bobcat
bollywood,bollywood
bolsheviks,bolshevik
bolton,bolton
boobs,boobs
woogie,woogie
cover,cover
co,co
boxes,box
boyfriends,boyfriend
bpd,bpd
brahmins,brahmin
bravery,bravery
lines,lines
breaking-and-entering,breaking-?and-?entering
brick,brick
bristol,bristol
brooklyn,brooklyn
browsers,browser
brunettes,brunette
brussels,brussel
buffalo,buffalo
bullets,bullet
burberry,burberry
burqa,burqa
card,card
buying,buying
c.v.,c.v.
calculus,calculus
camping,camping
wharf,wharf
cancer,cancer
canvases,canvas
car,car
shows,show
footprint,footprint
s,s
carp,carp
cartels,cartel
cash,cash
castles,castle
cathedrals,cathedral
caution,caution
censorship,censorship
ceramic,ceramic
cerebus,cerebus
certainty,certainty
trailer,trailer
champagne,champagne
channels,channel
chardonnay,chardonnay
chili,chili
chivalry,chivalry
cholesterol,cholesterol
christianity,christianity
chuckecheese,chuckecheese
cigarette,cigarette
cigarettes,cigarette
citizenry,citizenry
life,life
classical,classical
classics,classic
classy,classy
writing,writing
cliche,cliche
click,click
climate,climate
co2,co2
cobol,cobol
cocaine,cocaine
bottle,bottle
coke,coke
colonialism,colonialism
colonialists,colonialist
colour,colour
sans,sans
section,section
commies,commies
commissars,commissar
commodity,commodity
communism,communism
communists,communist
compassion,compassion
competition,competition
compton,compton
concordepan,concordepan
concrete,concrete
conferencesphere,conferencesphere
confidentiality,confidentiality
conformity,conformity
conservatories,conservatories
consistency,consistency
constitution,constitution
consumerism,consumerism
consumption,consumption
pill,pill
shop,shop
cookery,cookery
syrup,syrup
corset,corset
rica,rica
sol,sol
counterculture,counterculture
court,court
coventry,coventry
crackberry,crackberry
crate,crate
creation,creation
creationism,creationism
crisps,crisps
crossfire,crossfire
crossroads,crossroads?
crossword,crossword
croutons,croutons
crucifixtion,crucifixtion
crusaders,crusader
ctcss,ctcss
cupcake,cupcake
curling,curling
cv,cv
cvs,cv
czechoslovakia,czechoslovakia
da-da,da-?da
dailies,dailies
dallas,dallas
queen,queen
knight,knight
darkroom,darkroom
panels,panels
death,death
decade,decade
decadence,decadence
decentralisation,decentralisation
deep,deep
demo,demo
demographics,demographics
demos,demos
depth,depth
stürmer,stürmer
tan,tan
blowout,blowout
desk,desk
desktop,desktop
despair,despair
shala,shala
diamond,diamond
diaries,diary
digg,digg
digressives,digressives
discount,discount
disease,disease
divas,diva
dope,dope
dealers,dealer
dot-com,dot-?com
stock,stock
dot-coms,dot-?com
downtown,downtown
dropbox,dropbox
drudge,drudge
drunk,drunk
dslr,dslr
dude,dude
dungeon,dungeon
skin,skin
easier,easier
dulwich,dulwich
easter,easter
editorial,editorial
editors,editor
egalitarianism,egalitarianism
dorado,dorado
ela,ela
electricity,electricity
electronics,electronic
pitch,pitch
elevators,elevator
elitism,elitism
ring,ring
engraving,engraving
entertainment,entertainment
novel,novel
equality,equality
equity,equity
er,er
essential,essential
estates,estates
estramaduras,estramadura
ether,ether
eurogamer,eurogamer
eworld,eworld
excellent,excellent
exclusivity,exclusivity
extreme,extreme
eyelashes,eyelash
f.,f.
facism,facism
falluja,falluja
fallujah,fallujah
farm,farm
farmers,farmer
fascism,fascism
fascists,fascist
fashion,fashion
fast,fast
fax,fax
faxes,fax
ferrari,ferrari
mignon,mignon
steak,steak
filth,filth
finance,finance
fire,fire
fireplace,fireplace
fireside,fireside
grade,grade
first,first
flat-earthers,flat-?earther
flesh,flesh
flexible,flexible
fondue,fondue
formal,formal
fourteen,fourteen
france,france
freedom,freedom
freelance,freelance
frontline,frontline
froyo,froyo
fuel,fuel
fundamentalism,fundamentalism
funky,funky
funny,funny
reactors,reactor
future,future
gallery,gallery
gameplay,gameplay
movie,movie
gangster,gangster
garage,garage
gatekeeping,gatekeeping
geese,geese
gentiles,gentiles
georgia,georgia
german,german
germany,germany
gestapo,gestapo
ghettoblasters,ghettoblasters
ghey,ghey
giving,giving
gladioli,gladioli
glamour,glamour
glasgow,glasgow
glastonbury,glastonbury
glitter,glitter
going,going
sachs,sachs
golf,golf
gollum,gollum
kiss,kiss
reader,reader
gopher,gopher
tex,tex
goretex,goretex
gospel,gospel
gothic,gothic
gourmet,gourmet
governments,governments
grammar,grammar
grammars,grammars
grande,grande
great,great
greece,greece
gribbenes,grib?benes
gross,gross
guantánamo,guantánamo
gun,gun
press,press
mary,mary
hairdressers,hairdresser
handshake,handshake
harrods,harrods
potter,potter
speech,speech
hawaii,hawaii
headline,headline
heaven,heaven
hebrews,hebrew
hellenism,hellenism
helvetica,helvetica
hemlines,hemline
heretics,heretic
heroin,heroin
hi-fi,hi-?fi
hicks,hicks
hieroglyphs,hieroglyphs
diploma,diploma
musical,musical
high,high
class,class
holiday,holiday
holocaust,holocaust
home,home
base,base
homeland,homeland
homeworking,homeworking
hoola-hoop,hoola-?hoop
hot,hot
girl,girl
hotmail,hotmail
hotspots,hotspots
html,html
humility,humility
hunter-gatherers,hunter-?gatherer
hvr,hvr
hybrid,hybrid
ibm,ibm
ibms,ibms
ice-cream,ice-?cream
iceberg,iceberg
iceland,iceland
ics,ics
ie,ie
iluminati,iluminati
imperialists,imperialists
inbound,inbound
indians,indians
individual,individual
insanity,insanity
inside,inside
fasting,fasting
iowa,iowa
ira,ira
irish,irish
ironic,ironic
italian,italian
itunes,itunes
plastic,plastic
jazzercise,jazzercise
jean,jean
jeans,jeans
jersey,jersey
jew,jew
jewellery,jewellery
crow,crow
reference,reference
bahru,bahru
juicing,juicing
jumanji,jumanji
justice,justice
karaoke,karaoke
ketchup,ketchup
shortcuts,shortcut
sanh,sanh
kings,king
kinsey,kinsey
kissing,kissing
kkk,kkk
kleenex,kleenex
kosovo,kosovo
kp,kp
krakow,krakow
labor,labor
market,market
leases,lease
laptop,laptop
las,las
disc,disc
laserdisc,laserdisc
last.fm,last.fm
afternoons,afternoon
latin,latin
laughter,laughter
lebanon,lebanon
leeds,leeds
leicester,leicester
lepers,leper
leprosy,leprosy
libedems,libedems
libel,libel
liberal,liberal
liberals,liberal
library,library
lie,lie
light,light
lighters,lighter
lilac,lilac
exchange,exchange
lipstick,lipstick
lisp,lisp
literature,literature
lolcats,lolcat
love-ins,love-?ins
lowbrow,lowbrow
lp,lp
walliams,walliams
lucky,lucky
lugaru,lugaru
m$,m\$
mac,mac
magazines,magazine
magic,magic
mainframe,mainframe
mainstream,mainstream
majority,majority
maldives,maldive
male,male
utd,utd
consultancy,consultancy
marabou,marabou
march,march
mario,mario
marmite,marmite
maroon,maroon
marshmallow,marshmallow
marxism,marxism
mauritius,mauritius
mayfair,mayfair
mba,mba
mcdonald,mcdonald
mcmansions,mcmansion
medici,medici
megabytes,megabyte
megachurch,megachurch
megapixels,megapixel
mentorship,mentorship
menu,menu
mercury,mercury
meta,meta
mexico,mexico
windpws,windows
mid,mid
mid-listers,mid-?lister
middleware,middleware
midichlorians,midichlorian
edition,edition
cd,cd
millions,million
minimalism,minimalism
miniskirts,miniskirt
mink,mink
minstrelsy,minstrelsy
missionaries,missionary
mississippi,mississippi
mob,mob
florals,floral
modern,modern
molotov,molotov
monarchs,monarch
mondays,monday
monetization,moneti[sz]ation
monkey,monkey
liners,liner
carlo,carlo
morality,morality
more,more
moscow,moscow
mosque,mosque
mouse,mouse
moustaches,moustache
mph,mph
mtv,mtv
mullets,mullet
multi-culturalism,multi-?culturalism
stores,store
musketeers,musketeer
mysql,mysql
mythology,mythology
n***rs,n\*\*\*r
naked,naked
napster,napster
nasa,nasa
nation-states,nation-?states
nationalism,nationalism
natural,natural
reserves,reserve
naughty,naughty
nazi,nazi
state,state
naziism,nazii?sm
nazis,nazi
nazism,nazii?sm
negro,negro
marcus,marcus
nero,nero
netscape,netscape
neutral,neutral
guinea,guinea
hampshire,hampshire
york,york
newfoundland,newfoundland
outlets,outlet
newspapers,newspaper
newsstand,newsstand
nice,nice
nicotine,nicotine
niggas,nigga
nigger,nigger
niggers,nigger
nio,nio
nobel,nobel
non-permanent,non-?permanent
norton,norton
hill,hill
cuisine,cuisine
nr,nr
official,official
old-school,old-?school
openings,opening
opium,opium
opt-in,opt-?in
optimism,optimism
opulence,opulence
ordinary,ordinary
trail,trail
organic,organic
boy,boy
orthodoxy,orthodoxy
stage,stage
ouija,ouija
outcome,outcome
outsourcing,outsourcing
owner,owner
paganism,paganism
pakistani,pakistani
paleo,paleo
palestine,palestine
palestinian,palestinian
palin,palin
pantomime,pantomime
paparazzi,paparazzi
paperbacks,paperback
paramedics,paramedic
paris,paris
pascal,pascal
passivity,passivity
payphone,payphone
pcs,pc
pdas,pda
peanut,peanut
pearls,pearl
perfect,perfect
perimeter,perimeter
permanent,permanent
gulf,gulf
buckle,buckle
essay,essay
philosophers,philosopher
album,album
photograph,photograph
lesson,lesson
pilates,pilates
floyd,floyd
pirates,pirates
pitsmoor,pitsmoor
pizza,pizza
planes,plane
planking,planking
planning,planning
plantation,plantation
platinum,platinum
playing,playing
playschool,playschool
shears,shears
png,png
polenta,polenta
police,police
polo,polo
pool,pool
pop,pop
popes,pope
popstars,popstar
pork,pork
rind,rind
pornography,pornography
positive,positive
postmen,postman
potato,potato
power,power
suit,suit
powerpoint,powerpoint
prague,prague
prayer,prayer
prc,prc
pre-interview,pre-?interview
pre-school,pre-?school
prenzlauer-berg,prenzlauer-?berg
core,core
release,release
pressbof,press-?bof
priesthood,priesthood
priests,priests
private,private
line,line
productivity,productivity
profit,profit
profligacy,profligacy
prohibition,prohibition
proletariat,proletariat
property,property
proteins,proteins
protestantism,protestantism
prozac,prozac
prussia,prussia
psg,psg
publishers,publisher
pubs,pubs
contestant,contestant
pullovers,pullover
punk,punk
bands,bands
purgatory,purgatory
puritanism,puritanism
puritans,puritan
put,put
pwl,pwl
quality,quality
queer,queer
queers,queer
landlords,landlord
rack,rack
rad,rad
radicalism,radicalism
radicals,radical
railways,railway
push,push
random,random
rap-battle,rap-?battle
raspberries,raspberry
raw,raw
real,real
reality,reality
realtree,realtree
reason,reason
reckless,reckless
"red,",red
dress,dress
kite,kite
butter,butter
remakes,remake
renfair,renfair
requiem,requiem
goalkeeper,goalkeeper
resume,[word="r[eé]sum[eé][eé]?" & tag="N."]
résumé,[word="r[eé]sum[eé][eé]?" & tag="N."]
resumes,[word="r[eé]sum[eé][eé]?" & tag="N."]
revelations,revelation
krispies,krispies
rice,rice
rich,rich
up,up
risky,risky
rivers,river
barons,baron
jerome,jerome
rock'n'roll,rock'n'roll
stars,star
hammerstein,hammerstein
stone,stone
rolodex,rolodex
circus,circus
romans,roman
rome,rome
roswell,roswell
rotherham,rotherham
oyal,oyal
royalty,royalty
rtfa,rtfa
ruby,ruby
russian,russian
russians,russian
s.e.o.,s\.e\.o\.
sabbath,sabbath
sacd,sacd
sad,sad
saints,saint
samizdat,samizdat
francisco,francisco
pedro,pedro
sand,sand
sandwich,sandwich
sane,sane
sanskrit,sanskrit
satire,satire
arabia,arabia
scam,scam
scandinavia,scandinavia
american,american
scientology,scientology
scooters,scooter
scotland,scotland
script,script
kiddies,kiddies
sd,sd
sdr,sdr
seattle,seattle
secessionists,secessionist
millionaire,millionaire
sectarianism,sectarianism
seeing,seeing
segway,segway
selfishness,selfishness
senility,senility
serfdom,serfdom
serfs,serf
seti,seti
sex-ay,sexy
sexiness,sexiness
shaiks,shaiks
sharia,sharia
shepherds,shepherd
chinos,chino
sidewinder,sidewinder
silicon,silicon
sincerity,sincerity
sinners,sinner
sirens,siren
skinheads,skinhead
skydiving,skydiving
slashdot,slashdot
ships,ship
slavery,slavery
slaves,slave
smalltalk,smalltalk
smash,smash
smoking,smoking
snobs,snob
sodom,sodom
soil,soil
soldiers,soldier
somalia,somalia
somebodies,somebody
somebody,somebody
sommelier,sommelier
sony,sony
south,south
soviet,soviet
spam,spam
spandex,spandex
spanking,spanking
vampires,vampire
speakers,speaker
speculation,speculation
spending,spending
spin,spin
sporty,sporty
spouses,spouses
squidoo,squidoo
tropez,tropez
staffies,staffies
stainless,stainless
stalingrad,stalingrad
stasi,stasi
quo,quo
"steel,",steel
stereotype,stereotype
stop,stop
storefronts,storefront
straight,straight
strange,strange
donkey,donkey
thug,thug
studio,studio
cup,cup
sub-prime,sub-?prime
fees,fees
subscriptions,subscription
success,success
sudoku,sudoku
lunch,lunch
sundays,sunday
sunray,sunray
super-size,super-?size
superheroes,superheroes
superstition,superstition
shortage,shortage
surrealism,surrealism
suv,suv
sweat-shops,sweat-?shop
knives,knife
knife,knife
swooshes,swoosh
symbian,symbian
t-shirts,t-?shirt
tables,tables
taffeta,taffeta
tcp,tcp
teal,teal
telephone,telephone
temple,temple
ian,ian
terrorist,terrorist
offensive,offensive
texans,texan
textbook,textbook
theatre,theatre
thelma,thelma
theocracy,theocracy
thin,thin
speak,speak
thirties,thirties
is,is
thugs,thug
thursdays,thursday
tickle,tickle
tie,tie
tiltshift,tiltshift
time-travel,time-?travel
tioman,tioman
tits,tits
tlc,tlc
today,today
toddlers,toddlers
tolerance,tolerance
toner,toner
tories,tories
torture,torture
tory,tory
totalitarianism,totalitarianism
toughness,toughness
tower,tower
toxic,toxic
publications,publications
trans-am,trans-?am
triangle,triangle
tribesmen,tribesmen
trophy,trophy
trousers,trousers
bonnaroo,bonnaroo
tudors,tudors
mania,mania
tuna,tuna
tuscany,tuscany
tuxedo,tuxedo
twosomes,twosome
u2,u2
ubuntu,ubuntu
ugliness,ugliness
ulay,ulay
uncool,uncool
undergrad,undergrad
benefit,benefit
unicorns,unicorn
usc,usc
interface,interface
ussr,ussr
vaccines,vaccine
dentata,dentata
vampire,vampire
vanilla,vanilla
vanity,vanity
var,var
vegan,vegan
1,1
versailles,versailles
vertical,vertical
vietcong,vietcong
vietnam,vietnam
vinyl,vinyl
lessons,lesson
violins,violin
virginity,virginity
visual,visual
vlc,vlc
voice,voice
w3c,w3c
wal-marts,wal-?mart
warlords,warlord
warm,warm
warsaw,warsaw
washing,washing
wasps,wasp
coolers,cooler
cooler,cooler
watergate,watergate
watts,watts
weakness,weakness
weapon,weapon
weapons,weapon
weimar,weimar
wheels,wheels
whirlow,whirlow
whiskey,whiskey
lund,lund
whistler,whistler
whiteleys,whiteley
whore,whore
widgets,widget
windows,window
98,98
winter,winter
hunt,hunt
whistle,whistle
woodstock,woodstock
woodward,woodward
word,word
wwe,wwe
x-men,x-?men
xbox,xbox
xtel,xtel
y2k,y2k
y.,y
yamaha,yamaha
yankees,yankee
pages,page
yellowpages,yellowpage
youngsters,youngster
youth,youth
yule,yule
z-pak,z-?pak
zealots,zealot
zen,zen
"zippy,",zippy