word,Freq_encow
40,916964
51,116148
98,95656
a-levels,9465
aa+,253
aaa,29550
abbeydale,4699
abnormal,50794
abnormality,9553
abolitionist,6281
abortion,169519
abstinance,136
abstinence,17171
abuse,449435
academy,314170
acceptance,165730
access,1962533
accessible,304892
accountability,125498
accountancy,25135
acquisition,152959
act,1975269
actual,712040
add,1392105
adobe,100199
advertising,374061
aerosols,10619
aesthetics,43456
affection,69513
affluence,7487
afg-pak,2
afghan,69610
afghanistan,248884
afgpak,1
afr,2476
africa,588080
african-americans,14660
africanamericans,22
afternoon,437887
age,1704913
agents,390165
aggression,75496
aid,548526
airline,84965
airlines,94310
airsoft,7560
ajax,29469
alaska,116202
album,550294
alchemy,17118
alcohol,348584
alcoholic,49823
aldomania,47
alevels,139
alexandria,35218
algorithm,107079
alien,152541
allagents,138
aloeminium,5
alpha,100609
aluminium,58093
aluminum,55624
amazon,205597
ambiguity,38923
america,1280315
american,2219377
amish,18937
amsterdam,55953
analysis,1039751
analytics,71751
anarchy,26776
android,194893
angel,178091
angry,245757
angst,18557
animosity,12483
antarctica,30479
anti-americanism,3721
anti-christianity,172
anti-communism,1692
anti-doping,3189
anti-fascism,1086
anti-feminism,250
anti-glamour,16
anti-semitism,36338
anti-terrorism,7778
anti-zionism,2542
anticommunism,324
antidoping,62
antifacism,3
antifascism,150
antifeminism,79
antiracism,247
antisemitism,11798
antizionism,62
anxiety,182601
anything,2298445
aol,32422
aoltv,26
apis,31854
app,379590
apple,563414
application,1289879
appple,38
april,981654
arab,221753
arab-american,1034
arabia,81217
archaeology,75336
architecture,309254
argentina,82399
argonaut,942
aristocracy,18365
arizona,147472
arkansas,57843
arla,3215
arm,368446
armor,49474
army,724190
arrogance,42943
arsenal,143423
art,1584220
artisanal,4047
artist,472479
asa,27772
asbestos,50325
ascension,23611
asia,285920
asian,247060
asparagus,16815
assertiveness,4749
assessor,19888
assistant,341159
association,899915
astronomy,64842
atheism,38336
atheist,58626
athens,66471
athletic,84725
atlantis,22754
atm,35964
atoms,65175
attention,1107102
attorney,284340
audience,698308
audio,348742
august,748379
austerity,54701
austin,121170
australia,465793
authenticity,50695
autobiography,38213
avalanche,17580
avenger,6908
average,985256
awake,69132
awkward,88565
b,1551919
b(a),179
b+,2312
b+aa,1
b+ax,1
b-aa,11
b-ab,3
b-ac,5
b-ad,7
b-ae,13
b-af,2
b-ag,1
b-ah,3
b-al,1
b-an,3
b-ar,1
b-as,8
b-at,4
b-av,4
b-aw,1
b-ax,1
b-ay,2
b-word,220
b.a.,20448
b.ac,2
b.ae,5
b.al,4
b.an,2
b.as,6
b.at,5
b.ay,7
b[a],3
b^a$,1
b_ab,1
b_ac,1
b_at,1
ba,92217
baaa,133
baab,125
baac,40
baad,310
baae,4
baaf,885
baag,90
baah,121
baai,39
baaj,9
baak,109
baal,8594
baam,90
baan,790
baap,105
baar,333
baas,3466
baat,368
baau,6
baav,4
baax,1
baay,12
baaz,128
babe,24012
baby,680608
babylon,38931
bachelor,73541
bachelors,9933
back,7081252
backlink,2357
backloading,155
backyard,42979
bacon,91685
bad,1826643
bagel,5970
bagram,3908
bahru,464
bald,33578
balham,1886
bali,21570
balsemic,4
bama,3034
banana,52722
bands,220614
bangkok,26475
bank,1137505
banker,37655
bar,763996
barbarian,11976
barbel,6743
barefoot,17467
barnsley,19910
baron,41509
barrel,85723
base,867295
baseball,139010
bashing,23726
basic,943218
bbaa,94
bbab,13
bbac,35
bbad,27
bbae,1
bbaf,12
bbag,9
bbah,2
bbai,21
bbaj,5
bbak,9
bbal,1
bbam,3
bban,11
bbao,1
bbap,29
bbar,73
bbas,52
bbat,1
bbav,1
bbaw,50
bbax,1
bbay,13
bbc,517001
bbq,34335
bcaa,717
bcab,45
bcac,206
bcad,21
bcae,8
bcaf,9
bcag,14
bcah,2
bcai,1
bcaj,2
bcak,40
bcal,80
bcam,95
bcan,93
bcao,15
bcap,637
bcar,65
bcas,293
bcat,80
bcau,9
bcav,4
bcaw,57
bcaz,3
bda$,2
bda+,7
bdaa,27
bdac,181
bdad,10
bdae,12
bdaf,6
bdag,242
bdam,46
bdap,2
bdar,6
bdas,52
bdat,25
bdav,6
bday,1510
bea=,1
beaa,3
beab,108
beac,210
beacon,41432
bead,21883
beae,1
beaf,38
beag,732
beah,293
beai,4
beak,14396
beal,3386
beam,98585
bean,66322
beao,2
beap,30
beaq,1
bear,429029
beardism,5
bearish,4461
bearskin,1140
beas,601
beat,429007
beatles,50979
beau,10805
beautiful,930135
beauty,401719
beav,126
beaver,22909
beaw,6
beax,3
beay,3
beaz,16
bedroom,305554
beef,133574
beer,299394
beige,13950
beijing,86622
being,8163333
belfast,78026
belgian,41697
belgium,76718
believers,99158
bellevue,6886
belly,67977
benefit,992058
benghazi,18107
bent,101973
berber,3839
berlin,127716
beta,112472
betamax,2059
bfaa,21
bfab,2
bfac,19
bfad,46
bfae,3
bfaf,2
bfah,1
bfai,9
bfam,12
bfap,26
bfaq,5
bfar,112
bfas,61
bfat,4
bfav,1
bfaw,6
bfax,3
bfay,1
bgac,3
bgad,4
bgae,15
bgag,3
bgah,7
bgaj,5
bgal,20
bgan,213
bgap,2
bgar,1
bgas,79
bgat,8
bgav,6
bgay,4
bhaa,7
bhab,10
bhac,70
bhad,13
bhae,2
bhaf,1
bhag,193
bhah,3
bhai,2336
bhaj,8
bhak,6
bhal,223
bham,416
bhan,411
bhao,13
bhap,6
bhar,110
bhas,88
bhat,940
bhau,66
bhav,60
bhaw,3
bhay,6
biaa,301
biab,42
biac,158
biad,115
biae,21
biaf,14
biag,16
biah,9
biai,6
biak,494
bial,158
biam,54
bian,695
biao,777
biap,89
biaq,2
biar,62
bias,143350
biat,44
biau,12
biav,3
biaw,160
biax,24
biaz,20
bible,445847
bicycle,83329
bicycles,28622
bifocals,915
big,2837001
bigomy,3
bike,355411
bikini,18087
billion,642093
billionaire,20069
biloxi,2149
binary,77848
bingo,35877
biodiversity,64530
biologist,23142
biology,188486
biotech,20982
birdie,14137
birth,491337
bitch,52665
bitch-shaming,1
bitching,7101
bitchy,4185
bitcoin,21524
bits,267030
bizarre,102946
bjab,13
bjac,5
bjaj,2
bjam,24
bjan,7
bjar,1
bjas,1
bjax,1
bjay,6
bkaa,4
bkac,1
bkag,1
bkah,2
bkak,1
bkam,1
bkan,2
bkas,67
bkat,8
bkau,1
bkav,4
bkax,1
bkay,9
blaa,77
blab,984
blac,248
black,1743023
blackberry,63937
blackface,2312
blackout,15959
blackpool,45325
blacks,94940
blad,224
blae,68
blag,2258
blah,53527
blai,32
blaj,25
blak,454
blal,12
blam,658
blan,134
blao,7
blap,81
blaq,68
blar,152
blas,2794
blat,751
blau,1763
blav,3
blaw,296
blax,13
blay,405
blaz,134
bleak,39153
bleakness,2200
bling-bling,263
blingbling,20
blockbuster,26126
blog,971381
blog-hubs,1
blogger,87874
blogging,130817
blogroll,3939
blonde,49136
blook,191
blowout,6517
blu-ray,46642
blue,820436
bluebell,5965
bluegrass,13316
blur,38401
bluray,3302
bmaa,130
bmab,8
bmac,148
bmad,68
bmae,3
bmaf,257
bmag,88
bmah,8
bmai,3
bmaj,28
bmal,153
bmam,3
bman,197
bmao,1
bmap,126
bmar,4
bmas,80
bmat,237
bmav,2
bmax,75
bmay,2
bmaz,1121
bmw,69040
bnab,1
bnac,39
bnad,86
bnaf,11
bnag,18
bnai,985
bnak,12
bnam,3
bnan,5
bnao,2
bnap,4
bnar,7
bnas,21
bnat,39
bnav,2
bnay,20
bnp,82554
boa=,2
boaa,13
boab,232
boac,847
boad,202
boae,4
boaf,23
boag,3847
boah,46
boai,208
boaj,1
boak,416
boal,1534
boam,171
boan,102
boao,67
boar,15105
board,1477610
boas,3549
boat,398277
boau,1
boax,28
boay,35
boaz,3555
boa~,1
bob,325182
bobcat,3715
body,2013661
bold,151732
boldness,9786
bollywood,14006
bolshevik,13110
bolshevism,4525
bolton,58638
bombing,94929
bond,273163
bonnaroo,1439
boobs,14836
book,3188390
boredom,26626
borgia,1809
boro,34046
bosnia,35502
bots,14220
bottle,236526
bourbon,14861
boutique,38057
bowl,212369
box,930476
boy,609644
boyfriend,95860
boys,528509
bpaa,19
bpac,151
bpad,42
bpae,20
bpaf,11
bpag,96
bpai,27
bpak,3
bpal,79
bpam,6
bpan,1
bpao,14
bpap,17
bpar,40
bpas,1101
bpat,116
bpau,1
bpav,6
bpaw,4
bpax,2
bpay,41
bpd,5774
bqan,2
bqap,13
bqaq,1
bqas,9
br,30188
braa,36
brab,85
brac,2962
brad,62688
brae,3883
braf,1249
brag,11289
brah,410
brahmin,3841
brai,119
brainy,4108
braj,245
brak,827
bral,53
bram,5376
bran,14739
brand,565332
brao,11
brap,101
braq,3
brar,522
bras,9953
brat,9373
brau,249
brav,145
bravery,27166
braw,857
brax,193
bray,14235
braz,214
brazil,158634
breadth,55498
break,822006
breaking-and-entering,61
brewer,27278
brewery,44831
brewing,41854
brick,127820
bridgford,1908
brindle,2655
bristol,194592
britain,772071
british,1545758
bro,27713
brooklyn,72842
brother,587491
brow,29390
brown,700039
brownie,14150
brows,8658
browser,247982
browsing,73098
brunette,6828
brussel,2247
bsaa,124
bsab,14
bsac,2688
bsad,21
bsae,17
bsaf,94
bsag,212
bsah,15
bsai,124
bsaj,4
bsal,2
bsam,57
bsan,3
bsap,42
bsaq,1
bsar,80
bsas,349
bsat,20
bsau,49
bsaw,3
bsax,9
bsay,2
btaa,21
btab,5
btac,14
btad,40
btae,1
btaf,7
btag,36
btah,4
btai,1
btak,8
btal,18
btam,6
btan,6
btap,21
btar,1
btas,89
btat,12
btau,1
btav,1
btax,2
btay,3
buaa,19
buab,3
buac,15
buad,39
buaf,21
buag,10
buah,61
buai,99
buak,4
bual,71
buam,5
buan,81
buap,14
buar,3
buas,17
buat,54
buav,644
buay,54
buckle,19252
budget,765990
budgeting,23276
buffalo,68329
bugaboo,1843
builder,64941
building,1908208
bullet,96384
bump,53527
burberry,6471
burien,506
burka,2458
burkha,564
burlesque,9920
burqa,3181
burrito,5474
bury,61048
business,3858967
bustles,853
busy,457363
butcher,40796
butter,153248
butternut,4663
butthead,927
buyer,119849
buying,494564
bvaa,21
bvac,10
bvad,3
bvaf,5
bvag,20
bvaj,1
bval,49
bvam,9
bvan,1
bvap,1
bvar,55
bvas,55
bvat,2
bvax,1
bwaa,30
bwab,4
bwac,36
bwad,63
bwaf,16
bwag,4
bwah,85
bwai,19
bwaj,3
bwak,7
bwal,1
bwam,13
bwao,1
bwap,5
bwar,75
bwas,21
bwat,4
bwav,9
bwaw,4
bway,63
bword,4
bxaa,1
byaa,1
byab,4
byac,2
byad,1
byaf,13
byah,8
byai,1
byak,2
byal,10
byam,432
byan,48
byao,1
byap,1
byar,17
byas,196
byat,6
byau,2
byaw,1
byaz,3
bzac,1
bzag,4
bzai,1
bzan,2
bzap,2
bzas,7
bzaw,7
c,1548951
c(v),23
c+vg,24
c-ptsd,21
c-vd,1
c-vi,1
c-vm,2
c-vo,6
c-vt,3
c-vu,1
c-vv,1
c-word,663
c.v.,2421
c.vi,11
c.vs,23
c=vr,1
c[v],2
c_vf,1
c_vw,2
cake,189440
calculus,29917
california,655102
camera,654967
camo,5333
campaign,911517
camping,97892
canada,589206
cancer,767196
cannibalism,6970
canopy,42086
canvas,79707
capital,813812
capitalism,162222
car,2276724
carb,35624
carbon,401701
card,869299
care,2821007
cargo,78322
carlo,26941
carp,40692
cars,673117
cartel,21163
cash,578262
cast,442054
castle,325057
casual,115213
cathedral,117743
catholicism,29609
cauliflower,11409
caution,95098
cava,4039
cavb,11
cavc,23
cavd,19
cave,141354
cavf,2
cavg,8
cavh,3
cavi,80
cavl,6
cavm,17
cavo,151
cavp,39
cavr,356
cavs,5956
cavt,13
cavu,91
cavv,1
cavw,2
cavx,1
cavy,345
cavz,3
cbva,6
cbvc,5
cbvd,17
cbvg,1
cbvh,3
cbvi,19
cbvp,1
cbvq,1
cbvr,5
cbvs,23
cbvt,13
cbvv,3
ccva,13
ccvb,260
ccvc,54
ccvd,6
ccve,8
ccvf,14
ccvg,3
ccvh,3
ccvi,43
ccvn,1
ccvo,4
ccvp,48
ccvr,3
ccvs,145
ccvt,14
ccvv,1
cd,363984
cdva,39
cdvc,5
cdvd,10
cdve,9
cdvf,6
cdvi,31
cdvm,2
cdvp,28
cdvr,15
cdvs,54
cdvu,1
celebrity,109581
censorship,56845
center,1271208
centre,1427682
ceos,24880
ceramic,45596
cerebus,4744
certainty,86572
certificate,246103
ceva,452
cevc,46
cevd,32
ceve,16
cevg,1
cevi,5
cevl,1
cevm,7
cevn,30
cevo,77
cevp,16
cevr,3
cevs,22
cevy,2
cfva,4
cfvc,2
cfve,1
cfvg,1
cfvm,5
cfvr,1
cfvs,7
cfvz,2
cgvc,2
cgvg,5
cgvi,7
cgvm,2
cgvr,1
chain,335132
chains,96934
champagne,53396
change,3180099
channel,426378
characters,699529
chardonnay,7197
charge,854281
charts,117377
chav,8845
chavs,9739
cheating,52328
cheerios,2516
chef,122106
chelsea,131463
chemistry,177621
chevron,20585
chic,29308
chicago,321002
chick,33202
chickens,53557
chief,778689
children,3761740
chili,25446
china,809817
chinese,557250
chino,2836
chipping,15484
chiropractic,20256
chivalry,7386
chocolate,239369
choice,1157617
choir,82997
cholesterol,62843
chop,34930
christ-bots,1
christian,777068
christianity,200371
chrome,75131
chuckecheese,6
church,1818116
chva,15
chvc,3
chve,2
chvi,16
chvo,1
chvs,10
chvt,24
cigarette,72038
cinema,199254
circle,286160
circus,65218
citizenry,13553
citizenship,106267
city,2893353
civ=,2
civa,143
civb,20
civc,35
civd,1
cive,98
civf,2
civh,7
civi,400
civility,11365
civl,107
civm,4
civn,1
civo,9
civr,33
civs,699
civt,17
civu,3
civv,10
civx,3
civy,105
cjva,1
cjvb,1
cjvf,2
cjvg,2
cjvi,3
cjvj,1
cjvm,1
cjvp,1
cjvr,11
cjvs,3
ckvc,3
ckvi,7
ckvl,2
ckvm,3
ckvr,2
ckvu,12
clarendon,7318
class,1705220
classic,468787
classical,211237
classism,1572
classy,24174
cliche,14813
cliches,8454
click,731194
client,655912
climate,752370
closing,238168
clothing,232807
cloud,319999
clvb,2
clvd,34
clve,4
clvf,4
clvg,2
clvi,27
clvl,2
clvm,31
clvn,1
clvr,7
clvs,13
clvt,7
clvu,28
cmv+,5
cmv=,1
cmva,12
cmvc,20
cmvd,4
cmvg,1
cmvh,3
cmvl,3
cmvm,151
cmvo,3
cmvp,77
cmvr,7
cmvs,82
cmvt,6
cnva,3
cnvc,49
cnvd,2
cnve,2
cnvg,2
cnvj,4
cnvm,11
cnvp,2
cnvr,8
cnvs,853
cnvt,1
cnvv,1
co,461281
coach,385548
coachbuilt,323
coal,254489
cobol,3967
cocaine,52676
cocoa,33905
code,1151513
codes,178182
coercion,26277
coffee,459299
coke,49425
cold,720931
coldplay,6352
collaboration,258197
collard,3171
collectors,58678
college,1361161
colonialism,20090
colonialist,2938
color,568317
colors,215267
colour,471131
comedy,231433
comfort,294745
comics,116465
comment,798311
commies,2810
commissar,2250
commission,817288
commodity,84779
communication,610577
communism,63942
communist,158499
community,2604646
company,3026698
compassion,99593
competition,650932
complex,809983
compton,14358
computationalism,426
computer,1210071
computing,193430
concordepan,1
concrete,237139
conferencesphere,1
confidence,477883
confidentiality,49642
conformity,28893
consensus,154409
conservative,361864
conservatories,6832
consideration,367519
consistency,106020
console,121366
constantinople,19576
constitution,345034
consultancy,82001
consumerism,15035
consumption,289899
content,1294757
contestant,13426
conversation,416559
cook,291070
cookbook,25560
cookery,17229
cookie,75494
cooking,240641
cool,550790
cooler,68804
cooling,113534
copper,131758
copy,680719
copyright,267952
corden,1851
core,592762
cork,35630
corny,8256
corporation,267084
corpse,36089
correctness,34232
corset,5136
cotton,136916
couch,59168
counterculture,4166
court,2086240
cov^,1
cova,450
covb,2
covd,6
cove,31988
coventry,47301
cover,1061137
coverage,413598
covf,2
covi,70
covk,2
covm,1
covo,90
covr,67
covs,43
covt,4
covu,2
covx,4
covy,13
cov~,1
cowardice,11651
coworking,1175
cptsd,20
cpva,27
cpvc,184
cpvd,1
cpve,36
cpvf,15
cpvi,16
cpvl,2
cpvm,4
cpvn,1
cpvo,3
cpvp,10
cpvr,2
cpvs,18
cpvt,41
cpvw,1
cqvb,1
crackberry,558
craft,203119
crap,153886
crate,25232
crazy,272030
creating,693564
creation,492851
creationism,17770
creative,572242
creativity,157087
credit,1037932
cricket,104511
crime,646183
crippled,22576
crisps,16184
crocs,3169
cross-dressing,3141
crossdressing,410
crossfire,7249
crossroad,2288
crossroads,30600
crossword,8625
crotch,8756
croutons,1726
crow,45632
crowdsourcing,7720
crucifixtion,58
crusader,11860
crustacean,1977
crva,9
crvd,6
crvh,3
crvi,18
crvn,1
crvo,28
crvp,16
crvr,1
crvs,44
crvt,9
crvu,1
crvx,1
crying,116046
csvc,7
csvd,25
csve,1
csvf,2
csvg,1
csvi,1
csvl,4
csvo,3
csvr,31
csvs,68
csvt,13
csvv,3
csvw,1
ctcss,759
ctva,3
ctvb,1
ctvc,22
ctvd,1
ctvl,2
ctvm,30
ctvn,7
ctvr,20
ctvs,20
ctvt,34
cuisine,62831
culture,1049659
cup,534879
cupcake,13211
cupid,6625
curating,5361
curation,9422
curator,41638
curling,18085
curry,52958
curvy,5791
customer,714843
customisation,6050
cutting,337662
cuva,5
cuvc,6
cuve,34
cuvi,6
cuvo,7
cuvs,52
cuvy,1
cuvz,1
cv,79857
cvva,1
cvvc,6
cvvh,134
cvvl,13
cvvm,3
cvvs,37
cvvt,29
cwva,1
cwvc,7
cwvm,4
cwvp,4
cwvt,3
cwvw,2
cxvi,55
cxvm,2
cyberpunk,4249
cyberspace,22216
cycling,153520
cyclocross,1347
cynicism,21665
cyrenaica,727
cyva,2
cyvd,2
cyvm,2
cyvp,2
cyvr,3
cyvv,3
czechoslovakia,13140
czvf,4
d,1498880
d$ck,1
d(c),38
d+ce,1
d-ca,2540
d-cb,1
d-cc,1
d-cd,5
d-cf,1
d-cg,3
d-ck,7
d-cn,7
d-co,338
d-cr,5
d-cs,2
d-ct,740
d.c.,101550
d.ca,9
d.cc,2
d.ch,3
d.ck,2
d.co,2
d.cs,2
d=ct,1
d[c],1
d_ca,1
d_cg,1
d_ck,8
da-da,158
daca,1403
dacb,7
dacc,412
dacd,7
dace,1585
dacf,7
dacg,12
dach,442
daci,50
dack,403
dacl,95
dacm,27
dacn,3
daco,70
dacp,43
dacq,1
dacr,9
dacs,2083
dact,295
dacu,12
dacv,1
dacw,36
dacx,25
dacy,25
dac~,11
dada,8049
dailies,5782
dairy,101259
dakota,62181
dallas,94010
dalston,3041
damon,22048
dancing,195054
dark,770244
darkroom,8435
darts,33011
data,3013370
datacenter,4337
datalink,876
datamoshing,17
day,6002348
dbca,65
dbcb,3
dbcc,127
dbcd,4
dbce,6
dbcf,6
dbcg,22
dbch,2
dbci,10
dbcl,1
dbcm,10
dbcn,1
dbcp,304
dbcs,145
dbct,2
dc,218439
dcca,118
dccb,18
dccc,886
dccd,67
dcce,3
dccf,8
dccg,7
dcch,14
dcci,24
dcck,13
dccl,11
dccm,49
dccn,6
dcco,8
dccp,160
dccr,13
dccs,81
dcct,404
dccu,13
dccv,24
dccw,10
dccy,2
ddca,35
ddcb,5
ddcc,21
ddcd,1
ddce,299
ddcf,11
ddcg,1
ddci,78
ddcl,1
ddcm,47
ddcn,5
ddco,1
ddcp,15
ddcr,12
ddcs,111
ddct,18
ddcu,16
ddcv,1
ddcw,7
ddcy,2
dead,859293
deadspot,16
dealer,159612
death,1644315
debater,2386
debt,639752
dec+,1
dec.,4958
dec=,3
deca,808
decade,355615
decadence,9099
decb,5
decc,7480
decd,477
dece,118
decentralisation,4933
decf,13
decg,1
dech,41
deci,618
decj,1
deck,154864
decl,416
decm,7
decn,16
deco,15630
decp,40
decq,57
decr,401
decs,730
dect,2083
decu,17
decw,22
decx,5
decy,6
deep,790138
deficit,164578
degree,870995
deja-vu,493
dejavu,419
deleting,24847
demakes,15
dementia,83662
demo,99310
democracy,367456
democrat,114232
demographics,28832
demoing,984
demos,31435
denial,107055
denialism,1719
denim,12956
dentata,349
dependency,48788
depression,266246
depth,336006
derby,103944
derivatives,40993
design,2003228
designer,244427
desk,224083
desktop,184674
despair,77993
detroit,89224
developer,208155
device,559866
dfca,9
dfcc,27
dfcd,2
dfce,3
dfcf,4
dfcg,2
dfch,1
dfci,88
dfck,2
dfcl,1
dfcm,7
dfco,4
dfcp,7
dfcr,19
dfcs,255
dfcu,22
dfcw,22
dgca,172
dgcc,12
dgcd,2
dgce,2
dgcf,5
dgcg,24
dgci,4
dgcl,98
dgco,7
dgcp,1
dgcr,26
dgcs,20
dgcx,11
dhc+,1
dhca,13
dhcc,60
dhcd,137
dhce,1
dhcf,3
dhcg,1
dhch,3
dhci,8
dhcj,8
dhcl,1
dhcm,7
dhcp,7477
dhcr,67
dhcs,146
dhct,11
diagram,84672
dialogue,254351
diamond,135337
diary,105074
dica,77
dicb,4
dicc,15
dicd,1
dice,42637
dicf,1
dich,520
dici,54
dicj,5
dick,121288
dicl,2
dicm,8
dico,179
dicp,13
dicq,1
dicr,2
dics,210
dict,2060
dictator,36689
dicu,1
dicv,3
dicx,2
dicy,90
diesel,130155
digg,11939
digit,33335
digital,832890
digressives,4
diploma,66234
director,1288766
disability,258263
disc,166166
disco,42158
discount,177785
disease,793953
disk,184350
disney,118203
disparity,25658
display,651328
distribution,448351
distro,12642
diva,13123
diving,82484
dj,90904
djca,4
djcb,1
djcc,1
djcf,38
djcg,2
djci,11
djcj,3
djck,4
djcm,16
djcn,1
djcs,6
djcu,1
dkck,1
dkcl,2
dkcr,43
dkcu,3
dlc=,1
dlca,6
dlcc,104
dlcd,130
dlce,1
dlcg,5
dlci,80
dlck,3
dlcl,25
dlcm,2
dlcn,2
dlco,123
dlcp,21
dlcr,3
dlcs,1029
dlct,1
dlcz,1
dmc+,1
dmca,8811
dmcb,2
dmcc,86
dmcd,2
dmce,2
dmcf,1
dmcg,6
dmch,10
dmci,47
dmck,3
dmcl,14
dmcm,7
dmcn,18
dmco,3
dmcp,11
dmcr,2
dmcs,170
dmcu,1
dmcv,1
dmcw,28
dmcy,1
dmcz,1
dnca,2
dncb,41
dncc,147
dncd,62
dnce,30
dncg,5
dnch,2
dnci,1
dncj,10
dnck,1
dncl,19
dncn,7
dnco,3
dncp,6
dncr,25
dncs,8
dnct,5
dncu,1
dncx,3
doc.,2480
doc=,3
doca,87
docb,10
docc,113
docd,102
doce,306
docf,5
docg,203
doch,333
doci,19
docj,5
dock,78296
docm,33
docn,1
doco,753
docp,184
docq,1
docr,67
docs,30129
doct,208
doctor,595345
docu,649
documentary-making,98
docv,3
docw,2
docx,1297
docy,5
docz,3
dogs,555678
doll-art,3
dollar,224241
doncaster,31413
donkey,31104
door,991249
dope,13612
dorado,6392
dot,87391
dot-com,3960
dot-gov,30
dotcom,4738
dotgov,15
down,5499373
download,382199
downtown,141390
dpca,50
dpcc,52
dpcd,64
dpce,2
dpcg,3
dpci,38
dpcl,608
dpcm,68
dpco,49
dpcp,60
dpcr,56
dpcs,96
dpct,2
dpcu,12
dpcv,27
dpcx,2
dqcc,12
dqcf,2
dqch,1
dqcs,3
dqcu,1
drag,139144
dragon,124854
drama,250653
draw,510944
drc+,1
drc=,1
drca,6
drcb,4
drcc,42
drcg,1
drch,3
drci,2
drcj,1
drck,1
drcm,1
drcn,4
drco,1
drcp,58
drcr,18
drcs,163
drct,20
drcv,13
drcx,1
dread,40460
dream,468972
dress,270386
drinker,11522
drinking,314992
drive,1155811
driver,508299
driving,679419
drone,50726
dropbox,14681
drudge,5528
drunk,124908
dsc+,25
dsca,155
dscb,50
dscc,578
dscd,11
dsce,3
dscf,122
dscg,20
dsch,49
dsci,50
dscl,110
dscm,44
dscn,66
dsco,50
dscp,147
dscr,101
dscs,205
dsct,27
dscv,1
dscw,9
dslr,18182
dtca,186
dtcc,319
dtcd,1
dtce,5
dtcf,2
dtcg,2
dtch,4
dtci,1
dtcl,3
dtcm,57
dtco,9
dtcp,58
dtcr,1
dtcs,495
dtct,1
dtcu,4
dtcv,15
dubai,50563
dubrovnik,3862
duca,527
ducb,3
ducc,33
ducd,2
duce,1461
ducf,142
duch,743
duci,22
duck,90829
ducm,4
duco,249
ducq,2
ducr,17
ducs,93
duct,22250
ducu,15
ducw,1
ducy,17
dude,64862
dull,96786
dulwich,8727
dumb,87042
dungeon,22170
dvca,5
dvcb,3
dvcc,23
dvcd,2
dvce,2
dvcg,9
dvch,2
dvco,1
dvcp,21
dvcr,22
dvcs,910
dvct,2
dvcv,21
dvd,315510
dwca,2
dwcc,12
dwcd,8
dwcf,6
dwch,5
dwcl,4
dwco,12
dwcp,5
dwcs,7
dwct,41
dwcx,1
dxcc,538
dxcd,4
dxce,2
dxcg,2
dxcm,1
dxcn,1
dxcp,16
dxcr,3
dxcs,1
dxcx,68
dyca,6
dycd,11
dyce,1282
dycf,2
dych,8
dyci,1
dyck,2252
dyco,6
dycp,6
dycr,1
dycs,1
dystopia,3222
dzcc,1
dzce,1
dzcr,1
dzcv,1
d|ck,2
e-bikes,323
e-book,19754
e-mail,294838
earnest,47145
easier,677245
east,1261853
easter,125450
easy,1703224
eating,445144
ebikes,100
ebook,41809
eccentricity,6865
eco-therapy,35
economics,269289
economy,952570
ecotherapy,144
edition,393700
editor,455582
editorial,151236
edtech,617
education,2116796
effect,1404020
egalitarianism,4904
eggs,240964
ela,2820
electricity,289060
electro,11669
electronic,440804
elevator,46794
elf,22671
elite,178174
elitism,6797
email,917862
emo,7241
empowerfullment,1
energy,1801968
engagement,235788
engine,713430
engineering,576845
england,1138730
english,1387000
engraving,14808
entertainment,341662
entrepreneur,52834
entrepreneurship,36137
environmentalism,8184
environmentalist,9878
epic,123920
equality,227396
equity,181355
er,122985
ereaders,2139
essay,209726
essential,652933
essex,102152
estates,76553
estonia,17513
estramadura,14
etc,609672
ether,18716
ethical,195312
ethics,193080
eu,450258
eurogamer,1882
europe,975485
eurosceptic,3510
eurostar,9003
eve,131800
evening,740441
events,1353626
everton,31475
everything,1866926
evidence,1821656
evil,489735
evp,3924
eworld,157
excellent,1105921
exchange,530407
exclusivity,12282
exo-suits,8
exosuits,18
experience,2921774
experimentation,44999
explorer,88984
extraordinary,209075
extreme,365163
extremism,25739
extremist,34642
extroversion,759
eyelash,3524
eyeliner,4405
f$,67
f+,120
f.,134751
f=,136
f^,36
fa,81325
fabric,146974
facebook,435778
facism,666
fact,3060195
factor,484830
failure,586418
fairtrade,16217
fake,140846
fallacy,27700
falluja,1691
fallujah,6830
family,3162075
fantasy,198002
farm,530771
farmer,140682
farming,144479
fascism,41825
fascist,46338
fashion,405200
fast,798115
fasting,34930
fat,370615
fats,39888
fax,65605
fb,29140
fc,50459
fd,12104
fdr,16105
fe,49407
fear,730817
february,667772
feedback,379357
feeling,846649
fees,384967
female,572529
feminism,53077
ferrari,41355
festival,466441
fever,93826
ff,33242
fg,10019
fh,4626
fi,24576
fiction,301847
fictionalism,463
filing,106887
film,1855499
filth,16963
finance,426014
financier,6712
fire,1144650
firefox,75598
fireplace,49757
fireside,5045
first,10222890
fishermen,44509
fishing,302495
fission,11470
fit,854578
fj,3432
fk,4409
fl,38634
flabby,3499
flash,289680
flashplayer,361
flat,470206
flat-earther,126
flatearther,20
flesh,167330
flexible,245703
floral,34886
florida,318459
floyd,35185
flu,94783
fluffy,29964
flying,349441
fm,67103
fn,17170
fo,24427
folk,210018
folk-pop,607
folkpop,9
fondue,3370
food,2371496
football,569139
footprint,57207
footwear,28254
formal,358221
forties,12708
forums,151520
fourteen,62617
fox,226382
fp,17858
fq,1196
fr,58949
framework,394639
france,568724
francisco,215844
freak,39961
free,3022459
freedom,750426
freelance,58863
freiburg,3281
french,773567
friday,617303
friends,1600169
frontline,30176
froyo,2083
frugal,14884
frugality,3988
fs,22357
ft,198281
fu,24558
fuel,572320
fun,1059519
functionality,153401
fundamentalism,17949
funds,590810
funky,36206
funny,414886
fur,60168
fusion,93970
future,2322307
fv,3662
fw,13269
fx,23026
fy,39405
fz,4529
f|,3
f~,7
g$,156
g+,3462
g.,135512
g=,56
g^,10
ga,48448
gallery,296947
galloway,27041
gameplay,66893
gamer,23615
games,1303729
gamification,3928
gaming,146107
gangster,17771
gap,305770
garage,223334
garden,756546
gardening,66595
gas,750450
gatekeeping,1074
gathering,179705
gay,362889
gb,172987
gc,27988
gd,13342
ge,46732
geek,39128
geese,22535
gentiles,29156
gentle,151886
geography,103226
geolocation,2796
georgia,171005
german,589964
germany,506137
gestapo,8238
gesture,65883
getting,2362397
gf,16849
gg,9998
gh,14607
ghettoblasters,9
ghey,251
ghost,144271
ghraib,8862
gi,27355
gigabyte,7704
ginger,53599
girl,698502
girlfriend,113175
github,10908
giving,1082753
gj,3832
gk,9261
gl,15380
glaad,1376
gladioli,521
glamour,26864
glamping,832
glasgow,213317
glass,497880
glastonbury,17823
glitter,16442
glow,63844
glue,65613
gluten-free,20042
glutenfree,37
gm,118480
gn,6461
go,6020158
goalkeeper,28185
goat,50836
god,3187277
goggle,2197
going,5282442
gold,665670
golf,325232
gollum,2784
good,8700926
google,741629
google+,18036
gopher,7294
goretex,932
gospel,231701
goth,9595
gothic,50112
gourmet,29467
government,4264240
governments,382596
goy,1432
gp,148653
gq,5294
gr,27411
grade,325347
graduate,402279
grammar,124913
grammars,5810
grande,26554
grass,227287
gray,166299
great,5644831
greece,162553
greed,71806
green,1227752
greens,78921
grey,214880
gribbenes,3
gribenes,10
grits,4192
gross,152530
group,3283505
growing,857623
growth,1098284
gs,41438
gt,71734
gu,10171
guantánamo,11999
guardian,188909
guinea,55319
gulf,163021
gun,395777
gupta,9182
guts,36854
guy,781167
gv,3424
gw,28759
gx,4625
gy,3438
gz,2952
g~,16
hacker,32303
hair,648100
hairdresser,12618
hairdressing,10208
hairspray,3996
halfway,75637
hall,733314
halloween,63810
ham,84762
hamas,79884
hammerstein,2667
hampshire,107030
hand,2019647
handkerchief,9940
handshake,11872
hangover,17685
hankerchief,188
happiness,181255
hard,2290006
hardware,292196
harrods,5958
hash,36547
hate,428306
hawaii,82530
hd,158955
headline,89634
headphone,12832
healing,181023
healthy,562069
heaven,332613
hebrew,108839
heist,7972
hellenism,1157
helmet,64982
helvetica,4401
hemline,740
heresy,25902
heretic,9861
heroin,49587
hi-fi,13503
hicks,22501
hide,211785
hieroglyphs,2815
hifi,6038
high,3686411
hights,248
highways,61770
hijab,8478
hill,584307
hispanic,48088
history,2324669
hizbollah,2951
hocus-pocus,660
hocuspocus,16
holiday,594572
hollywood,192193
holocaust,98721
home,4423720
homeland,85765
homeland-referencing,1
homeworking,935
homo,22897
homocysteine,2511
homophobia,17914
honduras,19144
hoola-hoop,34
hoolahoop,9
hope,1930404
hoppy,2535
horse,437748
horses,254478
hot,765271
hotel,1157580
hotmail,13204
hotspots,15496
hounslow,6129
hour,932576
house,3198974
housewife,11817
hr,141574
htc,47719
html,194328
http,47909
hud,18437
humanism,17345
humans,367937
humility,45225
hunk,6350
hunt,201839
hunter-gatherer,3267
huntergatherer,12
hunting,185830
husky,8923
hvr,350
hybrid,118476
hybridisation,2201
hybridization,7226
hypermiling,219
hyperspecialisation,2
hyperspecialization,19
hypertext,16417
hypocrisy,43283
hysteria,25134
i$th,9
i(t),123
i+ts,1
i-ta,4
i-tb,1
i-tc,1
i-td,1
i-te,6
i-tf,77
i-th,1041
i-ti,1
i-tm,2
i-to,35
i-tr,3
i-ts,2
i-tv,9
i-ty,2
i-tz,2
i.t.,3086
i.tc,1
i.td,1
i.th,3
i.ti,1
i.tl,1
i.tm,1
i.to,19
i.ts,10
i.tv,13
i.ty,1
i[t],17
i^th,2
i_th,1
i_tj,3
i_to,1
ian,212783
ias,7177
iata,2745
iatb,68
iatc,88
iatd,8
iate,48
iatf,27
iatg,4
iath,73
iati,398
iatk,1
iatl,49
iatm,5
iatn,4
iato,28
iatp,160
iatr,13
iats,88
iatt,27
iatv,4
iatw,6
iaty,1
ibm,106698
ibms,582
ibta,64
ibtc,33
ibtg,5
ibth,1
ibti,27
ibtk,2
ibtl,12
ibtm,33
ibtn,6
ibto,2
ibtp,46
ibtr,23
ibts,78
ibtv,2
ibtw,1
ibtx,1
ibty,1
ice-cream,9825
iceberg,21796
icecream,2306
iceland,46593
icloud,8173
icon,131528
ics,14822
ict=,1
icta,2374
ictb,17
ictc,230
ictd,108
icte,19
ictf,88
ictg,4
icth,12
icti,79
ictj,727
ictl,8
ictm,54
ictn,5
icto,3
ictp,191
ictr,1040
icts,5059
ictt,7
ictu,468
ictv,92
ictw,12
ictx,4
icty,2259
ictz,9
idealism,20598
idta,124
idtc,72
idte,7
idtf,8
idth,11
idti,6
idtm,3
idto,1
idtp,4
idtr,21
idts,193
idtu,1
idtv,450
ie,229497
ieta,68
ietc,21
ietd,1
iete,21
ietf,6587
ietg,29
ieth,16
ieti,6
ietl,1
ietm,57
ieto,6
ietp,5
iets,28
iett,8
ietu,9
ietv,19
iety,39
ietz,1
iet~,1
ifta,285
iftb,3
iftc,11
iftd,8
ifte,26
iftf,95
ifth,15
ifti,100
iftk,3
iftm,3
iftn,13
ifto,4
iftp,35
iftr,44
ifts,62
iftt,22
iftu,267
iftw,1
ifty,36
ign,5628
ignorance,138091
igta,3
igtb,2
igtc,10
igtd,121
igte,1
igtf,8
igth,5
igti,5
igtm,85
igtn,7
igtp,4
igtr,1
igts,20
igtt,14
ihta,1243
ihtb,3
ihtc,3
ihtd,7
ihte,2
ihtg,12
ihti,2
ihtm,1753
ihto,6
ihtp,5
ihts,15
ihtt,3
ihtu,1
ihty,3
iita,354
iitb,24
iitc,51
iitd,24
iite,15
iitf,162
iitg,15
iith,46
iiti,4
iitj,1
iitk,66
iitl,1
iitm,64
iitn,1
iito,16
iitp,6
iitr,4
iits,853
iitt,64
iitv,15
iitw,3
iity,1
iitz,11
ijta,1
ijtb,1
ijtc,1
ijtd,2
ijth,4
ijtm,4
ijto,1
ijtp,2
ijtr,1
ijts,11
ikta,5
ikte,6
iktf,3
ikth,1
iktp,6
ikts,5
iktt,10
iktu,17
iktv,9
iktz,37
ilta,375
iltb,13
iltc,4
iltd,3
ilte,98
iltf,5
iltg,4
ilth,13
ilti,10
iltk,23
iltl,2
iltm,57
ilto,8
iltp,50
iltr,13
ilts,24
iltt,1
iltu,3
iltv,13
iltw,4
ilty,3
iltz,2
iluminati,48
image,1090984
immigrant,73532
immortal,40866
impact,1133401
imperfect,36554
imperfection,6788
imperialists,8450
implant,28605
impression,253753
imta,76
imtb,10
imtc,63
imtd,19
imte,9
imtf,12
imtg,8
imth,1
imti,9
imtj,47
imtk,2
imtl,1
imto,33
imtp,18
imtr,1
imts,224
imtt,13
imtu,1
imtv,3
imtw,2
inbound,16713
incarceration,19949
india,594147
indians,132559
indie,59626
indies,27419
indigo,14904
individual,1547380
individualism,18573
inequality,86129
influencer,2419
information,4753994
innovation,315578
insanity,33330
inside,1092094
inspiration,208271
instability,47083
instagram,23432
int+,2
int=,7
inta,627
intb,5
intc,306
intd,16
inte,562
intel,89209
intelligence,469967
interactivity,15885
interesting,1397409
interface,323477
internet,1315811
intf,55
intg,20
inth,39
inti,608
intj,478
intk,5
intl,2121
intm,68
intn,23
into,11947529
intp,522
intq,9
intr,256
ints,1925
intt,10
intu,113
intv,141
intw,13
intx,45
inty,78
intz,2
invasion,148801
inversion,14629
investing,129170
io,19498
ios,83180
iota,7570
iotc,52
iotd,16
iote,15
iotf,65
ioth,20
ioti,11
iotl,5
iotn,12
ioto,10
iotp,12
iots,105
iott,89
iotv,20
iotw,50
ioty,5
iowa,103118
ipad,160849
iphone,271221
ipod,106501
ipods,13144
ipta,84
iptc,731
iptd,1
ipte,39
iptf,244
iptg,209
ipth,28
ipti,170
iptk,7
iptl,96
iptm,8
iptn,22
ipto,100
iptp,52
iptq,2
iptr,60
ipts,321
iptt,1
iptu,16
iptv,3349
iptw,5
iptx,4
iqta,21
iqte,3
iqtf,1
iqtg,3
iqth,1
iqti,4
iqtl,1
iqtm,4
iqtp,1
iqtr,1
ira,53806
iran,374606
iraq,510531
irc,17272
irish,314943
ironic,66383
irrationalism,932
irs,61758
irta,595
irtb,1
irtc,144
irtd,5
irte,46
irtf,485
irtg,2
irth,41
irti,25
irtk,4
irtl,2
irtm,6
irtn,5
irto,11
irtp,41
irts,129
irtt,2
irtu,87
irtv,7
irtx,3
irty,10
is,106222300
isaac,63679
islam,246569
islamification,539
islamism,6057
islamist,33366
islamophobia,7960
island,700024
israel,841142
israeli,325929
ista,407
istanbul,30035
istb,26
istc,670
istd,433
iste,884
istf,21
istg,19
isth,70
isti,102
istj,195
istk,15
istl,11
istm,481
istn,10
isto,183
istp,230
istq,1
istr,825
ists,628
istt,30
istu,7
istv,118
istw,1
isty,7
italian,287010
itta,198
ittc,44
ittd,1
itte,227
ittf,213
itth,2
itti,202
ittl,134
ittm,8
itto,346
ittp,10
ittr,3
itts,175
ittt,28
ittu,6
ittv,2
ittw,4
itty,1011
itunes,78686
iuta,9
iute,2
iutf,3
iuth,2
iuti,7
iuto,4
iuts,13
iutt,7
iutu,4
ivta,7
ivtb,5
ivtc,24
ivte,6
ivth,288
ivto,2
ivtp,1
ivts,22
ivtt,1
ivtu,1
ivtv,72
iwtb,15
iwtc,6
iwtd,6
iwtf,10
iwth,310
iwto,28
iwtp,6
iwts,20
iwtt,1
iwtu,1
iwtv,4
iwty,4
ixta,32
ixtc,1
ixth,245
ixti,1
ixtl,2
ixto,1
ixtp,4
ixtt,1
ixtv,1
ixty,31
iytc,10
iyts,4
iytt,1
izta,40
izth,2
izto,1
i~th,2
i~to,1
jacket,106756
jail,151370
jakeways,85
jams,21740
january,843651
japan,416808
java,176364
javascript,109859
jazz,185620
jazzercise,209
jean,107845
jeans,63438
jerome,28608
jersey,174438
jew,76527
jewellery,56907
jews,423586
jihad,39030
job,2136248
jockey,24354
journalism,168565
journalists,221876
judaiser,6
judaizer,56
judging,104639
judgment,331364
juicing,3502
july,914664
jumanji,305
june,981470
junkie,11323
justice,854315
juvenility,136
jv-ists,1
k,726946
kakuro,97
kale,14589
karaoke,17364
kazaa,2205
keeping,621100
kenya,89999
ketchup,10364
khaki,6399
ki-duk,466
kid,288544
kiddies,7011
kiduk,2
killer,140980
kindergarten,33953
kindness,66307
kinect,14009
king,1033914
kinsey,6617
kiriakou,1137
kiss,116106
kissing,35274
kitchen,494455
kite,29629
kitty,34601
kkk,5835
kleenex,2801
knife,132550
knight,120563
knitting,42374
knol,802
knowing,461059
knowledge,1516393
kok,1744
korea,195010
korean,119967
kosovo,48121
kp,9568
kr,6753
krakow,6025
kreuzberg,532
krispies,938
kurdistan,11686
labor,399545
labour,775685
laker,2437
lamb,97415
land,1546361
landlord,126904
langerado,9
laptop,182480
large,2687826
las,103963
laserdisc,1656
last-fm,5
latin,257832
latvia,16458
laughter,96109
lawyer,224049
layout,169957
leader,711028
learning,1534302
lease,136964
lebanon,79711
leeds,165596
left,3095876
legacy,189348
legging,831
leicester,90551
leisure,170114
leopard,30465
leper,4918
leprosy,10830
less,2982148
lesson,264465
let,2984655
levaquin,488
lewe,26
lib-dems,2321
libdems,7260
libedems,1
libel,30256
liberal,358772
liberalism,35222
liberation,87374
libertarian,53022
libertarianism,10015
library,854514
licenses,63715
lie,342443
lies,424874
life,5320696
lifestyle,200084
light,1960921
lighter,107305
lilac,9160
lily,50779
lime,55950
line,2278168
liner,37384
lines,837761
link,1027589
linkedin,35301
lip,67237
lipstick,16622
lisp,21912
list,1749926
literacy,126929
literature,467129
live,2256992
liverpool,231874
living,1655759
local,3536799
lofts,5356
lolcat,363
london,1869957
loser,31550
loss,848207
losses,198550
lottie,3658
loud,203115
love,3041759
love-ins,119
lowbrow,1564
lp,57217
lucky,334274
lugaru,328
lumens,3855
lunch,347767
lund,7171
luxury,195785
lymington,3196
lynx,12445
m$,3638
mac,268637
macao,2350
macaron,871
macau,5602
macro,62414
madness,71361
magarri,8
magazine,490647
magic,356051
magnets,24225
mail,419446
mainframe,12333
mainstream,238535
majority,834687
maldive,280
male,513553
malt,20929
manchester,343689
manga,26224
manhattanite,163
mania,16852
manor,91431
marabou,610
march,1098588
marcus,62614
maria,102475
mario,62206
market,2138532
marketeer,957
marketer,14431
marketing,717964
marmite,5652
maroon,9414
mars,133629
marshmallow,6003
marxism,30604
mary,519142
mashable,2977
mashup,4398
masks,45903
masters,190170
material,1117849
math,166295
matter,1774073
mauritius,10540
mauve,3273
max,215248
maximalism,305
may,10003041
mayfair,8969
mba,40492
mcdonald,65018
mcmansion,695
mean,1784217
meaning,740760
meantime,117538
measle,63
measurement,143236
meat,326982
medal,125081
media,1748323
medici,5484
medicine,441706
mediocre,33582
mediocrity,12395
meeting,1446397
megabyte,2998
megachurch,1158
megacorps,199
megapixel,15647
membership,332831
memory,714924
men,2279981
mentorship,7665
menu,369606
mercury,109868
meritocracy,4927
mermaid,12991
messaging,52782
meta,26294
metadata,76959
metal,398322
metallic,40743
metaphor,81174
metaphysical,36690
mexican,126263
mexico,305648
mezzoblue,128
mfa,14703
miami,101410
mice,95002
michigan,157264
micro,65988
microcontent,248
microformat,1067
microsoft,408571
mid,296366
mid-lister,8
middleware,8632
midi,28435
midichlorian,31
midlister,12
mignon,2325
milan,50460
militarisation,1323
military,1090472
million,1814950
millionaire,27131
minecraft,5318
mini,154096
minimalism,7142
miniskirt,1033
mink,8152
minority,252294
minotaur,3910
minstrelsy,1288
missionary,52576
mississippi,86265
mob,62322
mobile,757179
mode,429050
moderate,148870
moderator,34494
modern,1194997
modesty,19585
moleskine,1163
molestation,5895
molotov,4263
monaco,16539
monarch,39532
monday,504228
monetisation,824
monetization,5483
money,3193983
mongodb,3229
mongolia,14719
monkey,73942
monster,141375
monstrosity,6703
months,2046848
mooc,4523
moore,157473
morality,107666
more,19854784
morocco,36843
moscow,104373
mosque,60980
mother,1169740
mould,38423
mouse,190976
moustache,11178
mouth,386323
movement,950216
movie,799797
mpg,65100
mph,154693
msft,3071
mtv,27384
mullet,6664
multi-culturalism,1363
multiculturalism,18559
murder,336121
murdock,4555
muscat,3343
museum,592603
music,2066559
musical,363390
musketeer,1043
muslim,336056
mustache,7982
myspace,32205
mysql,34791
myth,141713
mythology,46870
naked,135175
namor,551
napster,8929
nasa,140395
nation-states,5026
national,2920410
nationalism,50566
nationstates,87
natural,1354182
naughty,32308
navy,210548
nazi,116573
naziism,436
nazism,12238
nebraska,52752
neck,241912
negative,550231
negro,36498
neo-con,3066
neo-liberalism,4463
neocon,7117
neoconservative,4305
neoliberalism,8141
nerd,18415
nero,16989
net,470849
netscape,24113
network,1152201
networking,176978
networks,356816
neuköln,4
neuron,10988
neurotic,10921
neutral,131943
neutrality,30475
new,12976361
newcastle,119766
newfoundland,22289
news,1771322
newspaper,345903
newsstand,3566
newton,95796
nfo,290
nicaragua,19786
nice,1358243
niche,87530
nicotine,25815
nigga,1764
nigger,7669
night,2151626
nihilism,7419
nike.com,66
ninja,24817
nio,2681
nme,7132
nn,9524
nobel,62794
nobodie,12
noir,25561
nokia,88725
non-conformity,1180
non-permanent,1186
non-tribal,359
non-tribalism,2
nonconformity,1425
nonpermanent,177
nontribal,55
normal,869901
north,1694942
norton,55630
norway,82752
norwood,8542
noticeable,66959
novel,486567
nr,23975
nra,17046
nude,35904
numb,18577
numeracy,21376
nuts,117481
nyt,17400
nytol,199
obama,716895
obese,35773
obesity,81821
objectification,5172
objectivity,27026
obrist,650
obscurity,19572
observation,192623
october,867412
off-topic,8518
offal,3019
offender,53584
offensive,177748
official,741152
officials,549006
offline,53759
offtopic,667
oid,1408
oil,1095176
okay,298160
okra,3199
old,3476675
old-school,12173
oldschool,745
oligarch,2350
on-topic,1856
online,1679692
ontopic,141
opacity,13233
opening,681140
openness,50512
operator,179370
opium,21720
opml,1460
opt-in,9915
opt-out,13239
optimisation,24975
optimism,54434
optimization,55430
optin,504
optout,123
opulence,4734
orange,255977
oranges,23680
orbit,83690
order,2955437
ordinary,334352
organic,289944
orthodoxy,30526
os,222659
ostrich,8023
ouija,3915
outbound,13664
outcome,322576
outlet,108708
outside,1554041
outsourcing,47326
overgrowth,4395
overload,26837
owls,22737
owner,554292
oxymoron,7213
oyal,26
p=np,205
paedophile,8347
paganism,9776
page,1790852
paid-for,4072
paisley,17182
pakistan,201281
pakistani,51306
pale,108176
paleo,7966
palestine,116445
palestinian,241663
palin,44939
panama,34843
panels,175786
panic,125634
panthers,17056
pantomime,13460
pants,99651
paparazzi,6743
paper,1407205
paperback,33891
papua,21185
papyrus,9255
paramedic,8074
parent,348285
paris,285401
park,1344227
parkgate,1623
participation,292574
party,1912479
pascal,19111
passivity,7182
past,2241746
patriot,35938
pattern,418936
payphone,1982
pc,420861
pcism,52
pda,15854
peach,25676
peanut,42066
pear,20795
pearl,75737
pedophile,5836
pedro,34473
peeps,13343
pension,281735
pensioner,14404
people,14127591
perception,200048
percussion,31982
perfect,978367
perimeter,34691
periphery,19926
permanent,350797
persistence,41164
pet,239144
pharmaceutical,81642
philosopher,67854
philosophy,412737
phishing,11923
phone,1235886
phonetic,10358
photograph,177609
photoshopping,1154
php,67102
physicist,29883
physics,267425
picture,911061
pie,104940
pilates,11742
pill,61339
pineapple,17964
pink,197699
pinterest,20574
pipe,163762
piracy,33820
pirates,62382
pitch,239352
pitsmoor,2708
pixar,11838
pixie,7516
pizza,101143
place,4538848
placement,142394
plan,1755031
plane,288226
planking,2539
planning,1136097
plant,678121
plantation,36894
plastic,353800
platinum,39814
player,814743
playing,1093860
playschool,555
pleasure,323299
plumbing,47181
plus,879122
plustainability,2
png,23627
pocket,186611
podcasting,8164
podosphere,25
poetry,306691
point,3812393
poker,50763
poland,106091
polenta,3019
police,1662495
politician,86779
politics,598593
pollution,160920
polo,39545
poly,23103
polyamory,1446
polypropylene,5022
poncho,3009
poo,23477
pool,452455
poor,1132658
pop,343087
popcorn,24275
pope,198687
popstar,1268
pork,79424
porn,80199
pornography,47052
portfolio,190579
portugal,74137
positive,894681
post,2145891
post-apocalyptic,5311
postapocalyptic,225
postgrad,1260
postman,13249
postmodernism,10039
potato,77342
potplayer,30
potter,92411
poultry,44847
poverty,336963
power,2934843
powerpoint,41784
ppc,18886
pr,147879
pragmatism,12490
prague,36170
prayer,272070
prc,11345
pre-interview,414
pre-retirement,792
pre-school,17877
prediction,84454
pregnancy,181134
pregnant,187670
preinterview,21
prenzlauer-berg,4
prenzlauerberg,18
preretirement,93
preschool,26656
presentation,406912
press,1145579
pressbof,220
price,1456210
pride,244614
priesthood,33220
priests,117136
primal,20656
print,504014
prints,110576
prison,406885
privacy,303885
private,1480548
process,2639311
product,1214617
production,1144467
productivity,158512
professors,93687
profit,337325
profligacy,2765
programmer,55676
programmerization,1
programming,274220
progressive,189877
prohibition,66113
project,2372141
proletariat,20760
promise,315044
proof,347462
property,1543991
prosecutor,66236
proteins,93220
protestantism,10663
prozac,8356
prs,10430
prudent,38955
prussia,10304
psg,4375
psychiatrist,34137
public,4027668
publications,218101
publisher,155084
publishing,286518
pubs,107655
pullover,1914
pumpkin,39968
punk,73239
purgatory,10673
puritan,11344
puritanism,3016
purple,121091
push,396856
pusher,3981
put,3615449
puzzles,56339
pvc,20511
pwl,360
python,69660
qaeda,52704
quality,2005063
quantity,155034
quays,6395
queen,440271
queensryche,766
queer,38724
quiet,395847
quirky,40175
quo,66184
québec,7195
rabbit,76611
race,898861
racism,138301
rack,70505
raclette,375
rad,17771
radical,236631
radicalism,10056
radio,752880
rag-mags,2
rage,89080
ragmags,1
railway,268206
rainbow,65903
ram,99044
random,271485
rap,49865
rap-battle,7
rape,169003
rapper,16811
rare,420126
raspberry,19775
rationality,28193
raw,252365
reaching,229824
reactor,53544
reader,445175
real,2678722
realism,59126
reality,804716
realtree,231
reason,1868271
rebellion,68225
reckless,39839
recommendation,163229
recycling,129353
red,1268951
redcurrant,529
redesign,33115
reference,682251
reform,417162
regionalism,3063
regionality,303
regulation,329071
regurgitation,3209
relationship,1012261
release,882871
relevancy,6460
religion,621163
remake,34261
renfair,15
reporter,156008
reporting,409293
republican,311857
republicanism,7262
requiem,9204
research,3386658
reserve,297813
resilience,42245
responsibility,686619
responsible,834753
resume,44212
resumee,17
resumé,1425
resumée,2
retention,84933
retirement,233636
retriever,8693
retro,35684
retweet,4300
revelation,138441
revolt,44011
rfc,25832
rhetoric,103385
rhino,17259
ribbon,50306
rica,25660
rice,225741
rich,641762
rid,223786
ridgewood,1127
riga,6135
right,5780270
rind,5423
ring,375245
ringing,53791
risky,68547
river,839784
roadside,35133
robot,85050
robotic,26562
rock,701706
roll,324550
rolodex,1231
roman,333813
romanticism,12902
rome,207083
room,2117685
roswell,9019
rotherham,34169
royalty,38169
rpi,12039
rss,74722
rtf,5037
rtfa,222
ruby,60980
rugby,110889
rulers,55390
russia,397781
russian,377951
ryanair,12738
rye,23703
résume,7
résumé,4489
résumée,5
s,2901811
s.e.o.,35
sa,76202
sabbath,46867
sacd,4180
sachs,29445
sad,349359
safe,854845
saint,159146
salar,1066
sale,582143
saleflat,1
salmon,91374
salt,281412
samarra,1028
samizdat,971
samsung,122110
sand,228137
sandal,4604
sandro,7402
sandwich,77205
sane,37273
sanh,778
sanity,31462
sans,24378
sanskrit,19356
sap,44394
sarcasm,19082
satire,33321
saturday,665357
sauce,131557
saving,298203
savings,319840
scam,57967
scandinavia,16353
scepticism,18325
school,4038221
science,1626593
scientist,171599
scientology,32551
scooter,24688
scotland,650195
screen,799361
screenshot,20967
script,266568
scripting,26825
sd,64985
sdr,3588
search,1235950
seattle,128011
secessionist,2313
sectarianism,8322
section,1546987
secularism,16348
seed,230021
seeing,780073
segway,2995
self-expression,6858
self-harm,6786
self-loathing,4481
self-promotion,5242
self-publishing,6582
selfexpression,22
selfharm,39
selfie,3177
selfishness,19548
selfloathing,9
selfpromotion,18
selfpublishing,9
selling,496684
senility,1799
seo,292880
september,929100
sequestration,15258
serbs,23164
serf,2491
serfdom,3801
servers,150210
service,3668029
serving,342506
set,3903471
seti,7424
sewing,37330
sex,672685
sexiness,2374
sexy,82298
sf,80147
shaiks,11
shala,281
shanty,4683
shareholder,41735
sharia,24451
sharing,431029
shears,5688
sheffield,237650
shenzhen,4850
shepherd,68748
sherry,19355
shia,17680
ship,471532
shiregreen,2252
shitty,15987
shoe,89210
shooting,293160
shop,700071
shop-dropping,4
shopdropping,9
shopper,15494
shopping,383499
shortage,87333
shortcut,24961
shorts,58306
shouting,74073
show,2979445
sicily,18737
sick,337834
side,2486624
sidewinder,2041
silence,208104
silicon,62941
silver,372621
simple,1414608
simplicity,83527
sims,40040
sincerity,26695
singapore,102464
singledom,204
sinner,28468
siren,18048
sister,403713
sitting,518625
six,1316433
skegness,5669
skepticism,35510
skiffle,1484
skiing,49806
skin,565006
skinhead,3386
skinny,35388
skydiving,3309
skype,42937
slackware,4563
slang,19396
slashdot,9125
slave,142706
slavery,124402
sledding,2866
sleep,500879
slimness,480
slip,133112
slipper,5785
slow,512811
small,3367848
smalltalk,4853
smart,395489
smartcar,130
smartphone,75397
smash,41693
smile,243179
smiths,17380
smoker,21100
smoking,239960
smoothie,9563
sneaker,3506
snob,7272
snow,337770
snowclone,153
soaps,14602
sober,37942
soccer,91512
sociability,3187
social,2725052
socialism,89502
socialist,178566
sociology,67012
sock,23285
soda,50795
sodom,9708
software,1213669
soil,351538
sol,27632
soldier,158990
somalia,37209
somebody,290432
something,4391820
sommelier,3165
sony,158384
sort,1138889
soup,104998
sour,45752
south,1792539
sov,1318
soviet,223353
sox,33634
space,1746516
spacebook,67
spain,266673
spam,106120
spandex,3606
spanking,9993
sparrow,20843
spd,9901
speak,835123
speaker,321345
speaking,579547
speculation,103082
speech,563601
spending,635238
spin,148732
spinach,24750
sponsorship,63716
sporty,14312
spotify,11601
spouses,33147
spring,610064
sprinkle,29565
spur,36921
sql,76544
square,529468
squidoo,1790
sriracha,1540
ss,79288
stability,200540
stadium,159665
staffies,3169
stage,1118463
stainless,64831
stalingrad,3615
stamp,100548
stanley,90128
star,748628
starbucks,36906
start-up,36413
startup,59001
stasi,3230
state,4172106
statistician,6824
statistics,303672
staying,237503
steak,47116
stealth,33208
steampunk,7758
steel,344927
stereotype,29713
stewart,122629
stick,394582
stinky,6260
sto,2317
stock,591379
stockbroking,613
stocking,31149
stoke,57979
stomping,9156
stone,520777
stop,1490144
store,811790
storefront,7293
story,2243894
storytelling,53992
straight,689998
strange,425513
strategy,745200
street,1474901
strength,536355
stress,411503
stripes,43567
stroke,155785
strong,1435892
student,1319473
studio,356344
stupid,312431
stupidity,40622
stylus,15582
stürmer,453
sub-prime,8027
subprime,14466
subscription,104619
success,1145337
sudoku,3778
sugar,310641
suit,360244
summer,1077751
sunday,705154
sunray,549
super-size,418
superheroes,11655
supermarket,95713
supersize,1008
superstition,21161
supervisor,96766
support,3725748
surfing,48687
surrealism,7432
sushi,24004
sustainability,144709
sustainable,325650
suv,19098
suvs,7629
svg,12124
swansea,75081
sweat-shop,141
sweatshop,3549
sweden,107887
swoosh,1556
sword,149839
symbian,11276
syrup,46932
system,4179649
t-shirt,54479
tables,247372
tablet,122882
taffeta,1272
tags,103126
tail,171731
talent,293998
talentism,3
taliban,76598
talk,1397716
tall,205557
tan,47719
tape,228360
tarmo,189
tart,22017
tattoo,38247
tattooist,820
taupe,1274
tax,1373418
taxpayer,94365
tcp,30735
tea,399766
teaching,971759
teal,20476
tears,186550
tech,214886
technocracy,1185
technologies,418206
technology,1583854
ted,104168
telephone,312065
television,522462
temple,270144
temporary,294360
tent,137559
tequila,9843
terrorism,192939
terrorist,195336
tex,19736
texan,9684
texas,387203
text-ad,10
textad,5
textbook,54340
theatre,437631
theft,123049
thelma,5459
theocracy,7238
theory,914229
therapy,318431
they,32570444
thief,47396
thin,261646
thing,3243993
third,1412251
thirties,18822
those,7815949
thought,2787629
threadbare,4020
threesome,3967
thrift,15788
thriftiness,325
thug,13138
thursday,406105
tickle,8718
tie,167667
tighter,35271
tights,13761
tikkabilla,43
tiltshift,44
timber,109019
time,14168561
time-travel,2209
timetravel,377
tinfoil,3189
tioman,247
tits,17860
tkm,413
tlc,11005
tlr,3753
to-truth,1
toast,54512
tobacco,133565
today,3023597
toddlers,24764
tolerance,103195
tommie,3282
tomorrow,377255
toner,13163
tongue,135048
tools,765718
topicality,1051
toque,797
tories,86952
torture,161831
torturing,11441
tory,106471
totalitarianism,7931
touch,637620
touching,102025
toughness,11177
towel,56568
tower,274511
toxic,125889
trackback,3629
trademark,71510
tradition,378508
trail,306342
trailer,113513
train,606583
training,1730564
trans-am,271
transam,201
transformation,163964
transparency,123758
transphobia,1872
trashy,5968
travel,870028
treasure,107796
triangle,73795
tribesmen,4835
trillion,84753
trinity,92115
tropez,2357
trophy,77198
trousers,49738
trust,957065
truth,986170
truthy-satire,1
tsa,17665
tshirt,2176
tudors,2735
tuesday,406484
tumblr,21210
tuna,37244
tuncay,2738
turk,10365
turkey,203615
turquioise,2
tuscany,9443
tuxedo,5091
tv,974753
tweet,55634
twilight,45820
twitter,356746
twitter-hate,1
twitterhate,2
twosome,1433
typewriter,14596
typography,18388
ubiquity,7188
ubuntu,54839
ufc,10105
ufelon,3
ugliness,8647
ugly,127854
ukulele,4246
ulay,143
un-pc,729
uncertainty,144235
uncool,3498
undergrad,8623
understanding,1122790
underwear,32393
unemployed,97676
unflappable,1869
unicorn,15243
uniformity,19144
units,494729
university,2829001
unofficial,35013
unpc,60
unpredictability,7638
up,15981262
updosing,51
urls,29141
us,9057748
usa,403585
usc,26321
usenet,11156
ussr,32879
ut,37188
utah,87801
utd,21931
ux,13288
vaccine,111265
vagueness,7363
vamp,4425
vampire,65810
vandalism,24394
vanilla,49495
vanity,42331
var,19168
variety,829604
varnish,12740
vatican-gate,1
vaticangate,1
vegan,46705
vegas,104997
vegetarianism,7413
versailles,10986
vertical,149657
vertigo,12421
vertonghen,1645
vhs,17086
vicodin,2017
vid,9644
video,1221354
videogame,8906
vienna,54871
vietcong,1432
vietnam,147274
view-ticker,1
viewtiful,306
viking,32537
vintage,94962
vinyl,59992
violence,610213
violet,29126
violin,46761
virginia,243737
virginity,12403
virtual,299050
vista,82010
visual,423678
vlc,3844
vodka,27854
voice,832950
volley,15197
voyeurism,3370
vulnerability,64101
wal-mart,33923
wall,844514
walliams,1894
walmart,29151
war,2321389
warcraft,10705
warlord,6579
warm,487725
warming,224425
warsaw,24935
warwickshire,23386
washing,140244
washington,696550
wasp,16597
water,2970655
watergate,12484
watts,55254
wave,287281
weak,289198
weakness,115168
wealth,385645
weapon,192241
weaving,32805
web,1565078
webkit,8192
website,1436267
wednesday,395022
weed,66129
weekly,276101
weimar,8124
welfare,323770
wes,20889
west,1501810
westfield,10776
weti,19
wharf,32000
whatwg,1116
wheelchair,66268
wheels,190755
whirlow,752
whiskey,25522
whistle,48366
whistler,10565
white,1884617
whiteley,3430
whore,18180
widget,39989
wikipedia,96448
wild,415946
window,662022
windows,832091
windrow,466
wine,413829
winter,600062
wire,227236
wireless,209298
wisconsin,105056
witch,67973
wod,1523
women,2646059
wood,494099
woodstock,14780
woodward,21947
woogie,916
word,1596427
words,1730564
work,9307364
worker,272199
workspace,18272
workweek,2497
wow,170261
wrist,54156
wristband,3453
writer,492408
writing,1508102
wroclaw,1491
wrong,1495595
wwe,14552
x,1238703
x-men,17909
xbox,80483
xmen,370
xtel,148
y,284223
yahoo,95086
yamaha,21042
yankee,21042
years,8326566
yellow,338484
yellowface,165
yellowpage,7
yemen,44487
yesterday,555937
yoga,90426
york,1198745
young,2337814
youngster,27080
youth,544774
youths,46409
youtube,161359
yule,4961
z-pak,30
zanthura,1
zealot,4244
zeldman.com,129
zen,34586
zimbabwe,67097
zionism,28133
zionist,49453
zippy,3364
zombie,48011
